gene_symbol	geneID	KO10_vs_WT6_dtu_log2fold	KO10_vs_WT6_dtu_gene_padj	dtu_KO10_mean	dtu_WT6_mean	transcript_id	KO10_vs_WT6_exon_gene_padj	KO10_vs_WT6_deg_log2fold	KO10_vs_WT6_deg_pval
Lman2l	ENSMUSG00000001143	-5.23532786720789	9.83307765178517e-10	0.030846559607127316	1.1619768034050562	ENSMUST00000192969.5	1.8050725276246e-5	-1.5795652912733344	7.949889450241725e-5
Lman2l	ENSMUSG00000001143	-1.230390792942741	9.83307765178517e-10	2.5986398668332935	6.097202681041602	ENSMUST00000125304.7	1.8050725276246e-5	-1.5795652912733344	7.949889450241725e-5
Lman2l	ENSMUSG00000001143	-2.0940614892323475	9.83307765178517e-10	1.5254316139584763	6.5128048290129135	ENSMUST00000001171.12	1.8050725276246e-5	-1.5795652912733344	7.949889450241725e-5
Lman2l	ENSMUSG00000001143	-3.445529928947863	9.83307765178517e-10	0.09361429939077648	1.0198822912351693	ENSMUST00000193502.1	1.8050725276246e-5	-1.5795652912733344	7.949889450241725e-5
Chst10	ENSMUSG00000026080	-1.642420806092901	0.019290585314421516	0.8322402514220864	2.5981645019195767	ENSMUST00000027249.11	0.00693761060282549	-1.525171826716818	3.3176085393925764e-4
Ctse	ENSMUSG00000004552	-3.084220178490616	3.7022914854338547e-13	9.509952601181409	80.65311386125197	ENSMUST00000073350.12	0	-3.1062102061738424	5.720032074883827e-8
Spta1	ENSMUSG00000026532	-1.5366859513310787	1.858311166947282e-4	2.340523513198833	6.790497188364812	ENSMUST00000027817.7	0.0343070951664874	-1.5477456337835518	4.477991997164816e-6
Plxdc2	ENSMUSG00000026748	1.4627168678792266	0	3.3081417215244726	1.2002244072747172	ENSMUST00000028081.12	0.0117491583939598	1.8866504050723263	2.196178185395629e-5
Plxdc2	ENSMUSG00000026748	1.5264548155225643	0	1.983416010991659	0.6885018764519378	ENSMUST00000114703.9	0.0117491583939598	1.8866504050723263	2.196178185395629e-5
Plxdc2	ENSMUSG00000026748	2.0195216536750786	0	5.909810869772214	1.4575953959257322	ENSMUST00000114702.1	0.0117491583939598	1.8866504050723263	2.196178185395629e-5
Hmcn2	ENSMUSG00000055632	5.860343083950259	0	5.7909466090994695	0.09968056885106549	ENSMUST00000142448.7	0.0017862130426776	5.76655938396449	1.3088372624701133e-4
Ak1	ENSMUSG00000026817	1.4372728177603558	0	7.51269465346981	2.7741727892933836	ENSMUST00000113277.7	2.05288323760341e-6	3.488277620557154	9.657149463982674e-7
Ak1	ENSMUSG00000026817	8.895736905515966	0	25.237184154880154	0.05298552656444253	ENSMUST00000068271.4	2.05288323760341e-6	3.488277620557154	9.657149463982674e-7
Ak1	ENSMUSG00000026817	5.813030020573634	0	1.5459917095873954	0.027498611084258003	ENSMUST00000135392.1	2.05288323760341e-6	3.488277620557154	9.657149463982674e-7
Galnt3	ENSMUSG00000026994	5.2644150576441495	0	1.0522882607240533	0.0273771278105415	ENSMUST00000155453.7	0.020371278997444	1.2572402910897276	0.002522821584068129
Slc43a1	ENSMUSG00000027075	-1.6381343288289913	7.845221478441046e-14	2.794554960020262	8.698417026697793	ENSMUST00000146816.7	1.2431013884558e-4	-1.262037321297436	1.0380787790135991e-5
Slc43a1	ENSMUSG00000027075	-8.829428126021186	7.845221478441046e-14	0.0055634085841788795	2.5308340378823173	ENSMUST00000028469.13	1.2431013884558e-4	-1.262037321297436	1.0380787790135991e-5
Slc43a1	ENSMUSG00000027075	-1.628821411607632	7.845221478441046e-14	4.756379952818929	14.709592527909006	ENSMUST00000111625.1	1.2431013884558e-4	-1.262037321297436	1.0380787790135991e-5
Hdc	ENSMUSG00000027360	1.5356787703307357	0	7.030580193526299	2.424966775816537	ENSMUST00000028838.4	0.0113554478296579	1.5169523958936937	2.124444768289241e-4
Kcng1	ENSMUSG00000074575	-1.578323584964422	0.0299946755402954	1.395089703390581	4.166053811745977	ENSMUST00000109191.1	0.034503592627806	-1.591654749383447	1.1542656848387784e-4
Mgst2	ENSMUSG00000074604	-2.8094864011912413	2.0009593981740182e-14	0.2317233157418411	1.6244614642055053	ENSMUST00000160753.7	0.00525686493343905	-1.700806343865805	4.251893376670968e-4
Mgst2	ENSMUSG00000074604	-1.8309095948612524	2.0009593981740182e-14	4.084140205487779	14.529790422274043	ENSMUST00000099106.9	0.00525686493343905	-1.700806343865805	4.251893376670968e-4
Cd1d1	ENSMUSG00000028076	-2.294233417409899	5.656050260969782e-8	1.2298004884423943	6.032088947489069	ENSMUST00000107620.2	0.00774950029089276	-1.182864087043713	2.5427625592067088e-05
Cd1d1	ENSMUSG00000028076	-2.1560691970681725	5.656050260969782e-8	2.1559657390739924	9.609114229566835	ENSMUST00000142793.1	0.00774950029089276	-1.182864087043713	2.5427625592067088e-05
Chrnb2	ENSMUSG00000027950	1.4581252500278072	0.038234675553988226	1.5569293081722688	0.5666690018369126	ENSMUST00000199372.1	0.0402251488156483	1.3256635422122396	0.0014367045406823667
Selenbp1	ENSMUSG00000068874	-1.513287230111002	3.6328238892048257e-14	22.161985125413096	63.26354255733418	ENSMUST00000090839.11	0.0166132788334318	-1.5047476635334762	9.277890575530386e-7
Psrc1	ENSMUSG00000068744	2.367918305752922	0	77.07766496698596	14.931866971044261	ENSMUST00000090561.9	0	2.411437683771953	5.67426921319816e-8
Psrc1	ENSMUSG00000068744	2.020164745007472	0	13.857706391079828	3.416340670152226	ENSMUST00000133405.7	0	2.411437683771953	5.67426921319816e-8
Psrc1	ENSMUSG00000068744	6.4417661870591925	0	1.904452727146375	0.0219081320320603	ENSMUST00000130906.7	0	2.411437683771953	5.67426921319816e-8
Psrc1	ENSMUSG00000068744	2.3170127376399923	0	27.182739422181015	5.455102151844229	ENSMUST00000102629.7	0	2.411437683771953	5.67426921319816e-8
Psrc1	ENSMUSG00000068744	2.221008559697574	0	19.999409519537927	4.289700547007103	ENSMUST00000126461.7	0	2.411437683771953	5.67426921319816e-8
Psrc1	ENSMUSG00000068744	1.911591789465524	0	3.5155673172566466	0.9344346844811457	ENSMUST00000128089.1	0	2.411437683771953	5.67426921319816e-8
Psrc1	ENSMUSG00000068744	4.525081182000632	0	6.851358428990201	0.29757162707619056	ENSMUST00000145141.5	0	2.411437683771953	5.67426921319816e-8
Psrc1	ENSMUSG00000068744	1.3170341826320542	0	2.5375803884471835	1.0184811955725743	ENSMUST00000143309.1	0	2.411437683771953	5.67426921319816e-8
Psrc1	ENSMUSG00000068744	3.1556251190834277	0	14.394315333329562	1.6153000129016832	ENSMUST00000196430.1	0	2.411437683771953	5.67426921319816e-8
Psrc1	ENSMUSG00000068744	3.0468196310934395	0	16.717778006349405	2.0229933429562226	ENSMUST00000128962.1	0	2.411437683771953	5.67426921319816e-8
Tlcd4	ENSMUSG00000028132	-1.881134769544762	0.02753986459450736	0.8233552900211636	3.032950146123962	ENSMUST00000128909.7	0.0356204602955406	-2.3217446493848226	1.3752508601273495e-6
Tlcd4	ENSMUSG00000028132	-2.6162054397719148	0.02753986459450736	0.8502818217496277	5.2133778994119435	ENSMUST00000029777.13	0.0356204602955406	-2.3217446493848226	1.3752508601273495e-6
4930519L02Rik	ENSMUSG00000105652	1.5553248245572726	0	10.488449771667407	3.5687150925517583	ENSMUST00000200254.1	0.0293187828645676	1.506355330325313	0.007870796375606585
4930519L02Rik	ENSMUSG00000105652	1.658760102887322	0	1.7008781175751027	0.5386871888996244	ENSMUST00000197683.1	0.0293187828645676	1.506355330325313	0.007870796375606585
Sesn2	ENSMUSG00000028893	1.5966673859173695	0	16.544578931322036	5.47029745503743	ENSMUST00000030724.8	7.06018558419823e-7	1.5795915582163538	2.6381477651391228e-6
Sytl1	ENSMUSG00000028860	-1.1202581669635423	3.074766793858783e-4	6.038464788839397	13.126769199368278	ENSMUST00000030674.7	0.0435630902321122	-1.1681580792405635	7.468910676063991e-5
Abcb4	ENSMUSG00000042476	-1.5505940601887207	1.151883230965056e-13	11.720369603044292	34.333385561199464	ENSMUST00000003717.12	1.04774450197611e-5	-1.5166934926196873	8.11262577116916e-7
Ptpn13	ENSMUSG00000034573	-1.3957626947506052	0.03660601025164786	0.5219394958786799	1.3733669746550694	ENSMUST00000048957.10	0.0133217067238171	-1.3250615546564122	3.181424585794633e-4
Slc26a1	ENSMUSG00000046959	-3.018204048853227	1.5593573575247076e-9	0.43188882087794567	3.4989836614306613	ENSMUST00000051757.13	0.0129815441132122	-3.055463371059208	3.707404669789841e-5
Sgsm1	ENSMUSG00000042216	-1.1799096770421214	0.03815531450774564	1.529604306145235	3.4655111662134725	ENSMUST00000048112.12	0.0348181107929046	-1.4221203816006756	6.16287265309549e-5
Tmem120b	ENSMUSG00000054434	-1.517326666337918	0.01577458046009457	1.2553370774264572	3.59352934803867	ENSMUST00000067505.14	0.0301628310481773	-1.7149256244833966	0.0011625530791105519
Cux1	ENSMUSG00000029705	-1.501508953055382	0	7.2548646100959715	20.5413293396028	ENSMUST00000176216.8	1.86694420606797e-12	-1.1529629945260478	1.3396981605147236e-7
Cux1	ENSMUSG00000029705	-1.1040112574787782	0	27.268826688565404	58.614755230958266	ENSMUST00000176745.7	1.86694420606797e-12	-1.1529629945260478	1.3396981605147236e-7
Cux1	ENSMUSG00000029705	-2.0431273198482898	0	0.576355431046176	2.37537946740205	ENSMUST00000176778.7	1.86694420606797e-12	-1.1529629945260478	1.3396981605147236e-7
Cux1	ENSMUSG00000029705	1.9497222735413764	0	1.0152170156990616	0.26280522814317187	ENSMUST00000176172.7	1.86694420606797e-12	-1.1529629945260478	1.3396981605147236e-7
Cux1	ENSMUSG00000029705	-1.6279361115909168	0	2.7958213207046585	8.641059847979413	ENSMUST00000176423.1	1.86694420606797e-12	-1.1529629945260478	1.3396981605147236e-7
Myl10	ENSMUSG00000005474	-3.983453196040188	0	0.1523181777557228	2.4092986304900696	ENSMUST00000196068.4	0.00496545958865983	-4.095757845382029	3.7004382706077155e-7
Myl10	ENSMUSG00000005474	-4.349117656039954	0	0.24815725048652143	5.05756924742396	ENSMUST00000005611.9	0.00496545958865983	-4.095757845382029	3.7004382706077155e-7
Myl10	ENSMUSG00000005474	-4.007264995979074	0	12.181640826174883	195.89022028339616	ENSMUST00000196436.4	0.00496545958865983	-4.095757845382029	3.7004382706077155e-7
Myl10	ENSMUSG00000005474	-5.285947155591734	0	0.32450940594038585	12.660648125818259	ENSMUST00000197186.1	0.00496545958865983	-4.095757845382029	3.7004382706077155e-7
Myl10	ENSMUSG00000005474	-2.760986518984925	0	0.7397469930826126	5.014446110296015	ENSMUST00000199074.4	0.00496545958865983	-4.095757845382029	3.7004382706077155e-7
Myl10	ENSMUSG00000005474	-4.784699471080611	0	0.31449438663853446	8.668639834741313	ENSMUST00000197849.1	0.00496545958865983	-4.095757845382029	3.7004382706077155e-7
Flt3	ENSMUSG00000042817	-1.5525090593581343	7.810955673728553e-13	31.70342446203777	92.99465138686651	ENSMUST00000049324.12	0	-1.5414595352077782	4.815719902463932e-8
Kel	ENSMUSG00000029866	-1.8294054768601715	3.178480458817142e-14	3.73541768969283	13.27532291609534	ENSMUST00000031899.13	0.0103522915675593	-1.781242482354822	1.5925998879125368e-4
Kel	ENSMUSG00000029866	-2.613193855244313	3.178480458817142e-14	0.4423115339608989	2.70631284807452	ENSMUST00000153760.1	0.0103522915675593	-1.781242482354822	1.5925998879125368e-4
Mgll	ENSMUSG00000033174	-2.197407601402496	0.019498854235358087	0.9543325163367102	4.377088445183575	ENSMUST00000113585.8	0.0290592120161474	-2.436330089845053	1.8198005898145553e-5
Alox5	ENSMUSG00000025701	3.269885594266594	7.845221478441046e-14	28.322907699360872	2.9363254600829034	ENSMUST00000026795.12	0.012210931287647	3.0371913831810526	5.693893163393841e-7
Clec4e	ENSMUSG00000030142	2.572579187105522	0	1.4241692967985333	0.23940770154364985	ENSMUST00000176443.7	6.4335062923737e-9	1.310198188264554	1.0182497275613386e-5
Clec4e	ENSMUSG00000030142	1.1923474651444952	0	10.473235258166815	4.582985749648809	ENSMUST00000175995.7	6.4335062923737e-9	1.310198188264554	1.0182497275613386e-5
Clec4e	ENSMUSG00000030142	2.1512056248403106	0	1.884623517017836	0.4242747499553873	ENSMUST00000176831.7	6.4335062923737e-9	1.310198188264554	1.0182497275613386e-5
Hebp1	ENSMUSG00000042770	-2.4464620085996414	1.7925460447091657e-14	8.087032515748678	44.080614197887556	ENSMUST00000045855.8	0.00687952250077683	-2.563513430821	6.793782507285138e-6
Hebp1	ENSMUSG00000042770	-4.571530655422617	1.7925460447091657e-14	0.13109235562920718	3.117060422032611	ENSMUST00000204000.1	0.00687952250077683	-2.563513430821	6.793782507285138e-6
Fam234b	ENSMUSG00000030207	-1.021185623649192	2.0009593981740182e-14	10.023030969582663	20.34260545908223	ENSMUST00000111915.7	0.0255203975910244	-1.0026888528339137	1.2015150391739184e-5
Pirb	ENSMUSG00000058818	-1.7412380244251937	0.04838084948503745	0.4366626597738132	1.4598590642518372	ENSMUST00000129493.7	7.088849851902e-4	-1.5812614015738495	0.0010281196044283395
Mypopos	ENSMUSG00000086533	1.1026748313152477	0.03895214599896547	1.2451278375208996	0.579796705283713	ENSMUST00000205975.1	6.8052813174922e-4	1.018188140938019	0.02279452814475094
Mypopos	ENSMUSG00000086533	1.7884508001903332	0.03895214599896547	4.012775798038702	1.1616293028879492	ENSMUST00000206381.1	6.8052813174922e-4	1.018188140938019	0.02279452814475094
Apoe	ENSMUSG00000002985	-1.018082652588871	0	59.27589045631596	120.04705303080337	ENSMUST00000167646.8	0.0335653790376389	-1.0825760719342066	4.396705171101363e-7
Apoe	ENSMUSG00000002985	1.3299065273830415	0	3.9062343123812324	1.5538766276391385	ENSMUST00000173739.7	0.0335653790376389	-1.0825760719342066	4.396705171101363e-7
Apoe	ENSMUSG00000002985	-1.2716283835020514	0	66.14353241538348	159.69292349942953	ENSMUST00000174355.7	0.0335653790376389	-1.0825760719342066	4.396705171101363e-7
Apoe	ENSMUSG00000002985	-8.503938288858576	0	0.01506258755216035	5.468145858438262	ENSMUST00000003066.15	0.0335653790376389	-1.0825760719342066	4.396705171101363e-7
Apoe	ENSMUSG00000002985	1.4311659134190056	0	1.2006256834471982	0.44522932431491946	ENSMUST00000172983.7	0.0335653790376389	-1.0825760719342066	4.396705171101363e-7
Apoe	ENSMUSG00000002985	-1.37644599617035	0	0.4117981670248866	1.0691433559560155	ENSMUST00000207525.1	0.0335653790376389	-1.0825760719342066	4.396705171101363e-7
Atp1a3	ENSMUSG00000040907	-1.3742999467431494	0.00828639854030437	2.3188599700400876	6.011460952893033	ENSMUST00000080882.10	0.0293210159393071	-1.3637964351377683	0.001049071006420831
Blvrb	ENSMUSG00000040466	-2.5379285866310135	6.735382850149651e-13	27.379680669514762	159.00874507313335	ENSMUST00000037399.15	9.42404089018654e-5	-2.432505174162178	1.9026154624991284e-7
Blvrb	ENSMUSG00000040466	-1.0594450152062413	6.735382850149651e-13	3.7596636899030407	7.835626501204448	ENSMUST00000108358.7	9.42404089018654e-5	-2.432505174162178	1.9026154624991284e-7
Blvrb	ENSMUSG00000040466	-4.133697209679007	6.735382850149651e-13	0.1865150703440794	3.2740158795937715	ENSMUST00000133750.7	9.42404089018654e-5	-2.432505174162178	1.9026154624991284e-7
Hpn	ENSMUSG00000001249	-1.3636446646139535	0	6.528357937968337	16.799714662757097	ENSMUST00000039435.14	0.0401802394766255	-1.4127595065596852	1.0662721902229967e-4
Hpn	ENSMUSG00000001249	-1.3398369873337737	0	0.4265541587564999	1.0797054735378122	ENSMUST00000171225.1	0.0401802394766255	-1.4127595065596852	1.0662721902229967e-4
Hpn	ENSMUSG00000001249	-2.335319484910786	0	0.21952190070443675	1.1078451703918133	ENSMUST00000164340.1	0.0401802394766255	-1.4127595065596852	1.0662721902229967e-4
Hpn	ENSMUSG00000001249	-3.887298459862513	0	0.07619007263972857	1.127435813205581	ENSMUST00000167719.7	0.0401802394766255	-1.4127595065596852	1.0662721902229967e-4
Gramd1a	ENSMUSG00000001248	-1.6936870799455157	3.60195744198952e-15	12.695415292056834	41.06743008036196	ENSMUST00000185985.6	1.80223748533577e-8	-1.2566774764227864	1.1452438833778496e-5
Gramd1a	ENSMUSG00000001248	-5.623272108110199	3.60195744198952e-15	0.09045978701256492	4.458914442351216	ENSMUST00000185514.6	1.80223748533577e-8	-1.2566774764227864	1.1452438833778496e-5
Lrrc28	ENSMUSG00000030556	2.2049315032952825	1.2417521398622428e-14	3.441187048801464	0.7463761594687919	ENSMUST00000187953.7	3.96636132765866e-10	1.4088190297838357	5.228508314637934e-4
Lrrc28	ENSMUSG00000030556	8.326298122274094	1.2417521398622428e-14	3.374221592474175	0.010512550924602083	ENSMUST00000190115.6	3.96636132765866e-10	1.4088190297838357	5.228508314637934e-4
Lrrc28	ENSMUSG00000030556	1.5274116161769968	1.2417521398622428e-14	3.409555623845407	1.1827720896935856	ENSMUST00000188971.6	3.96636132765866e-10	1.4088190297838357	5.228508314637934e-4
Slco3a1	ENSMUSG00000025790	1.5257258086608894	0	23.469601330664823	8.151104836295172	ENSMUST00000098371.8	0.00515886125525422	1.338942450429295	2.57091774314113e-7
Slco3a1	ENSMUSG00000025790	1.1503743428466169	0	28.192203221660115	12.700822128310108	ENSMUST00000026897.13	0.00515886125525422	1.338942450429295	2.57091774314113e-7
Slco3a1	ENSMUSG00000025790	1.6919585028392332	0	3.767140750008723	1.1659544547940819	ENSMUST00000107453.7	0.00515886125525422	1.338942450429295	2.57091774314113e-7
Aen	ENSMUSG00000030609	1.6328648230519043	6.748143120781122e-15	7.250078009675667	2.337767888757268	ENSMUST00000123824.1	1.8769127815866e-4	1.2034604152062514	5.265445026831098e-6
Aen	ENSMUSG00000030609	1.0755899157293882	6.748143120781122e-15	6.3797078221901735	3.0270246787683526	ENSMUST00000107425.7	1.8769127815866e-4	1.2034604152062514	5.265445026831098e-6
Aen	ENSMUSG00000030609	1.1464163400179361	6.748143120781122e-15	54.07458002319879	24.427974009977834	ENSMUST00000107421.7	1.8769127815866e-4	1.2034604152062514	5.265445026831098e-6
Aen	ENSMUSG00000030609	6.7861388990199405	6.748143120781122e-15	9.450479307485779	0.08562931545840338	ENSMUST00000206661.1	1.8769127815866e-4	1.2034604152062514	5.265445026831098e-6
Stard10	ENSMUSG00000030688	-1.3834408609153235	1.2155103624521246e-13	42.37576622582199	110.55407632713676	ENSMUST00000032927.13	3.4961272901067e-4	-1.3974521447954409	2.1947929387124027e-6
Stard10	ENSMUSG00000030688	-1.2858175368160085	1.2155103624521246e-13	0.4547269283563714	1.1087160151830544	ENSMUST00000174083.1	3.4961272901067e-4	-1.3974521447954409	2.1947929387124027e-6
Bmal1	ENSMUSG00000055116	-9.459655917097704	6.748143120781122e-15	0.00552635845029288	3.891161268004253	ENSMUST00000210074.1	3.73326947138678e-5	-1.0927194729203418	8.085091696447032e-5
Zg16	ENSMUSG00000049350	-3.8818880487562017	1.2417521398622428e-14	0.37595565267873643	5.542444609555577	ENSMUST00000051122.6	0.0122802060053799	-4.167017230212593	7.337099370494465e-4
Zg16	ENSMUSG00000049350	-4.3262252169767486	1.2417521398622428e-14	0.21458263854754542	4.30445467809213	ENSMUST00000205559.1	0.0122802060053799	-4.167017230212593	7.337099370494465e-4
Gas6	ENSMUSG00000031451	1.2070795171695359	2.2418038520596903e-9	7.080750894298873	3.0669886871729113	ENSMUST00000033828.6	0.00663720682036554	1.188563515817513	1.153755412946657e-4
Atp7b	ENSMUSG00000006567	-1.7825836337952947	0.005527316430387952	2.439339105633251	8.392344859985139	ENSMUST00000006742.10	0.0303233589610244	-1.8026276998784532	2.6381477651391228e-6
Sh2d4a	ENSMUSG00000053886	-2.9013273190261324	0	1.0356180132815096	7.737241384968977	ENSMUST00000066594.3	0.0271650577837592	-2.911500468626472	8.964915919590246e-6
Slc18a1	ENSMUSG00000036330	-2.439237226769806	0.04087824308266482	0.18822199260554953	1.0208312081843365	ENSMUST00000037478.12	0.0420304070845143	-1.6541403207895218	0.008741232050816693
Gab1	ENSMUSG00000031714	-1.5387674409959229	0.019833163728126598	1.559360806792883	4.530663112914168	ENSMUST00000034150.9	0.00741436644312879	-1.1220225211113237	1.2142695959239407e-4
Mmp2	ENSMUSG00000031740	2.5492402205809155	1.533537245688242e-14	16.22928112345182	2.7726912419070002	ENSMUST00000034187.8	0.00741996725400378	2.5721219337989725	9.55622834069988e-7
Herpud1	ENSMUSG00000031770	-1.146827154994825	0	5.118958519943113	11.334724896100074	ENSMUST00000034220.7	6.4688743844641e-4	-1.111954991750519	6.367520803769205e-7
Herpud1	ENSMUSG00000031770	-2.022147563000204	0	3.1744430234336165	12.894206129604513	ENSMUST00000160866.1	6.4688743844641e-4	-1.111954991750519	6.367520803769205e-7
Mmp15	ENSMUSG00000031790	-3.9770704918924342	3.122323481024401e-9	0.09460657250993365	1.4898372262389796	ENSMUST00000212235.1	2.39683547955586e-9	-5.001262797007291	5.153459796735101e-4
Cfap20	ENSMUSG00000031796	-5.275347387789688	0	0.04058255963285792	1.5717274450499654	ENSMUST00000212731.1	6.08380913154771e-5	-4.4553837315110165	5.6953486326845e-6
Cfap20	ENSMUSG00000031796	-4.883610097519422	0	1.158381638128064	34.19517189732284	ENSMUST00000034249.7	6.08380913154771e-5	-4.4553837315110165	5.6953486326845e-6
Cfap20	ENSMUSG00000031796	-4.0068834244518525	0	0.10954272854230152	1.7610660882869473	ENSMUST00000213086.1	6.08380913154771e-5	-4.4553837315110165	5.6953486326845e-6
Cfap20	ENSMUSG00000031796	-5.516023218728456	0	0.03146998711038082	1.4400746672125675	ENSMUST00000212579.1	6.08380913154771e-5	-4.4553837315110165	5.6953486326845e-6
Cfap20	ENSMUSG00000031796	-3.3970906355852617	0	0.26737202818365496	2.8167100916431407	ENSMUST00000212684.1	6.08380913154771e-5	-4.4553837315110165	5.6953486326845e-6
Klhdc4	ENSMUSG00000040263	1.448070868535676	5.918247258722325e-14	52.86622989350495	19.37606456333939	ENSMUST00000045884.16	0	1.23341467645049	1.2255430498936837e-6
Klhdc4	ENSMUSG00000040263	-1.466659031246973	5.918247258722325e-14	1.128575475000477	3.1191694616844794	ENSMUST00000174709.7	0	1.23341467645049	1.2255430498936837e-6
St14	ENSMUSG00000031995	1.1806913120004705	0	11.725288474193873	5.1724944794461285	ENSMUST00000034478.2	0.0446075557799511	1.1232784678515362	4.613472774695605e-5
Nxpe2	ENSMUSG00000032028	-3.0556047831685396	6.748143120781122e-15	1.723605374901224	14.330671285786211	ENSMUST00000034527.13	4.4979989742944704e-9	-2.3487167375668876	3.001004641286276e-6
Nxpe2	ENSMUSG00000032028	-2.1999637664660723	6.748143120781122e-15	1.1301559125957115	5.192702533501079	ENSMUST00000135457.7	4.4979989742944704e-9	-2.3487167375668876	3.001004641286276e-6
Nxpe2	ENSMUSG00000032028	-1.7863453735757995	6.748143120781122e-15	2.028394014941047	6.996742009556365	ENSMUST00000149185.7	4.4979989742944704e-9	-2.3487167375668876	3.001004641286276e-6
Myo6	ENSMUSG00000033577	2.9733187533180088	0.03599193074005155	1.4347283300943525	0.18268863990481482	ENSMUST00000143804.1	9.1907467126532e-4	1.1285894602360722	0.005533324068368146
Inhca	ENSMUSG00000033688	-2.9980001242840686	1.765667546868176e-4	0.3027460834572486	2.418613640717104	ENSMUST00000035163.9	0.00411133752083033	-2.530778488788774	9.290222085183258e-4
Uba5	ENSMUSG00000032557	-1.0490673137088453	0	10.926800727680938	22.60964543630177	ENSMUST00000035166.11	5.467243854342169e-12	-1.0840657143930095	1.102079435075925e-5
Uba5	ENSMUSG00000032557	1.5818355817434209	0	1.0930183908151907	0.36512999484545416	ENSMUST00000144195.2	5.467243854342169e-12	-1.0840657143930095	1.102079435075925e-5
Uba5	ENSMUSG00000032557	-2.268727971272935	0	0.7254624112552439	3.495989232822572	ENSMUST00000191568.2	5.467243854342169e-12	-1.0840657143930095	1.102079435075925e-5
Klhdc8b	ENSMUSG00000032609	-1.8826933189530228	0.013637395346914142	1.2436175801798661	4.585999619733725	ENSMUST00000035232.12	0.00656811767846495	-1.1404453506046184	0.010357439067907316
Als2cl	ENSMUSG00000044037	-2.211042204687521	0.021164562350980184	0.48130213313433723	2.2284752330728734	ENSMUST00000130386.7	0.0132583429018782	-1.851448786659338	7.467884588739349e-6
Als2cl	ENSMUSG00000044037	-1.999206340030202	0.021164562350980184	0.7378778532938964	2.9498881648937143	ENSMUST00000155014.1	0.0132583429018782	-1.851448786659338	7.467884588739349e-6
Als2cl	ENSMUSG00000044037	-1.8802944170105949	0.021164562350980184	1.21440824662474	4.470846177250578	ENSMUST00000156673.1	0.0132583429018782	-1.851448786659338	7.467884588739349e-6
Slc25a38	ENSMUSG00000032519	-1.2178582214218698	0	0.7892004232249855	1.8356892497737833	ENSMUST00000137522.7	0	-1.2862999986451058	5.618854829375932e-6
Slc25a38	ENSMUSG00000032519	-3.018601753463056	0	0.9495308609351629	7.694825174654597	ENSMUST00000135514.1	0	-1.2862999986451058	5.618854829375932e-6
Slc25a38	ENSMUSG00000032519	-5.821977108185164	0	0.06473353174251371	3.6620059500093807	ENSMUST00000154969.1	0	-1.2862999986451058	5.618854829375932e-6
Esr1	ENSMUSG00000019768	-1.468041233450765	0.029960772219764568	1.4614623879356534	4.043077712236066	ENSMUST00000105590.7	2.57711637884172e-8	-1.1376096352439533	7.306245945627706e-5
Micu1	ENSMUSG00000020111	-1.1029165349177734	6.748143120781122e-15	10.188323861318477	21.883344704143205	ENSMUST00000165563.7	0	-1.1280263342448773	2.0052939089222506e-5
Zfp365	ENSMUSG00000037855	7.7052398232527635	0	5.209934415130244	0.024964561703902575	ENSMUST00000064656.7	0.0236058082374627	5.546653903865691	2.208926040483502e-5
Col18a1	ENSMUSG00000001435	2.28806819209261	4.5108083262871056e-11	5.821056716205012	1.1918584306331552	ENSMUST00000081654.12	0.00720543889985896	2.283390882018094	5.935913121574652e-6
Gm3055	ENSMUSG00000094622	3.33204158732325	0	1.2681354163285046	0.1259276697785076	ENSMUST00000219864.1	0.033877578569274	2.2964329935839363	0.0308933096313011
Ntn4	ENSMUSG00000020019	-1.33036955954969	0.03918121595844048	1.008928229381905	2.537122380436216	ENSMUST00000020204.4	7.03127773795389e-5	-1.3817809161655814	0.0012904091163787163
Tspan8	ENSMUSG00000034127	-2.306889181107116	2.0009593981740182e-14	1.4321903416412474	7.086692372525379	ENSMUST00000080630.10	0.0130181656628662	-2.9157100595207694	3.4539632742337925e-5
Tspan8	ENSMUSG00000034127	-6.588214898103388	2.0009593981740182e-14	0.06149850074832153	5.917180680163832	ENSMUST00000035563.14	0.0130181656628662	-2.9157100595207694	3.4539632742337925e-5
Slc16a11	ENSMUSG00000040938	-1.7489614903450215	0.006179471927312138	0.6093110538143369	2.0479951640564673	ENSMUST00000144494.2	0.0030680867500205	-2.3645523157163852	8.131116017142836e-5
Slc16a11	ENSMUSG00000040938	-2.3911865573099815	0.006179471927312138	0.6312348065383877	3.3113860662163397	ENSMUST00000094055.9	0.0030680867500205	-2.3645523157163852	8.131116017142836e-5
Slc16a11	ENSMUSG00000040938	-2.6030334176822674	0.006179471927312138	0.19234002628379	1.1685863510496783	ENSMUST00000136328.1	0.0030680867500205	-2.3645523157163852	8.131116017142836e-5
Slc16a11	ENSMUSG00000040938	-2.7600519421867626	0.006179471927312138	0.5092165981797874	3.4495383333821077	ENSMUST00000131468.1	0.0030680867500205	-2.3645523157163852	8.131116017142836e-5
Slc16a11	ENSMUSG00000040938	-3.6115308149225616	0.006179471927312138	0.1168063457557147	1.4277282174735049	ENSMUST00000149880.1	0.0030680867500205	-2.3645523157163852	8.131116017142836e-5
Tspoap1	ENSMUSG00000034156	1.9721429077557986	0.02052827194361436	1.2920247338388902	0.329303735087634	ENSMUST00000039627.11	5.35920039677373e-5	1.2198705825162377	0.004798305133989101
Tspoap1	ENSMUSG00000034156	1.61759280112847	0.02052827194361436	2.352739104889996	0.7667076861823043	ENSMUST00000153578.7	5.35920039677373e-5	1.2198705825162377	0.004798305133989101
Mpo	ENSMUSG00000009350	1.5831769409240009	0	215.53924368484235	71.9353907385117	ENSMUST00000121303.7	0	1.143081404787793	1.0761995445141802e-7
Mpo	ENSMUSG00000009350	1.8936234318132052	0	4.515089062610499	1.2151471369233817	ENSMUST00000167903.1	0	1.143081404787793	1.0761995445141802e-7
Stxbp4	ENSMUSG00000020546	-1.242286224479242	4.824146080985027e-8	3.776662682470942	8.934569135701807	ENSMUST00000143203.7	2.08408550262557e-8	-1.1311301434112053	1.3556126605672091e-5
Col1a1	ENSMUSG00000001506	1.7202121863663549	0.038924488567947245	1.6742095274824957	0.5081294215859058	ENSMUST00000001547.7	0.0081131724033955	1.703196534201323	2.5747062780488445e-4
Pcgf2	ENSMUSG00000018537	2.3369252241157032	0.0323224653022551	3.9702197691765857	0.7858324481000922	ENSMUST00000103148.7	0.0168084104806	1.0298267957160374	0.001072402030178125
Slc4a1	ENSMUSG00000006574	-2.0037117464666947	6.748143120781122e-15	2.0193830486314317	8.09834071757006	ENSMUST00000006749.9	0.0439020219854764	-2.019863342059271	3.234165946378273e-6
Hexim2	ENSMUSG00000043372	-1.9216858251756899	0.027775824127075844	0.5284443473140927	2.002093392350221	ENSMUST00000107037.7	5.7904306344381e-4	-1.2609780544607951	0.009869918734113681
Cpsf3	ENSMUSG00000054309	-1.598034065468861	0	15.725612609196533	47.60622673324879	ENSMUST00000067284.9	8.74135035300187e-5	-1.4784778760988786	1.8931122652446435e-6
Mboat2	ENSMUSG00000020646	-1.8581096243690756	0.03813167808132449	0.30641117289514264	1.1108395386678902	ENSMUST00000221952.1	0.00315465708499731	-1.209928928356193	1.2578140936396703e-4
Mboat2	ENSMUSG00000020646	-1.342846658062655	0.03813167808132449	1.4672011783384502	3.7215751295924937	ENSMUST00000110942.10	0.00315465708499731	-1.209928928356193	1.2578140936396703e-4
Daam1	ENSMUSG00000034574	-1.4078684346011798	7.3919444449752366e-9	2.570690685710167	6.821194806958294	ENSMUST00000221317.1	0.0389752615853687	-1.012716734455525	2.2487830039026786e-5
Sptb	ENSMUSG00000021061	-1.7349924898094644	3.60195744198952e-15	0.4346922618246598	1.446993868529082	ENSMUST00000021458.12	0.0146047134852693	-2.2750643471497103	3.5581543030082345e-7
Sptb	ENSMUSG00000021061	-2.3651084351929166	3.60195744198952e-15	1.7835511706164637	9.18870176280757	ENSMUST00000166101.1	0.0146047134852693	-2.2750643471497103	3.5581543030082345e-7
Dpf3	ENSMUSG00000021221	-4.044748377824808	0.03683228563474902	0.06589397977152459	1.0875176769539145	ENSMUST00000177801.1	5.3912621591696e-4	-1.5157801503741588	0.013271536483803772
Dglucy	ENSMUSG00000021185	2.638000137757066	0	16.086665338804508	2.584335283504907	ENSMUST00000069782.10	0.00171970777340477	2.9048881469575702	4.395335213957277e-6
Dglucy	ENSMUSG00000021185	2.530502537339192	0	3.589053144563635	0.6211875191186661	ENSMUST00000110073.7	0.00171970777340477	2.9048881469575702	4.395335213957277e-6
Dglucy	ENSMUSG00000021185	7.837017070052614	0	1.0276197536256857	0.004494229326805083	ENSMUST00000110069.7	0.00171970777340477	2.9048881469575702	4.395335213957277e-6
Dglucy	ENSMUSG00000021185	2.6648313745663668	0	7.0447283397537674	1.1108874828236641	ENSMUST00000167322.1	0.00171970777340477	2.9048881469575702	4.395335213957277e-6
Dglucy	ENSMUSG00000021185	6.663285656105355	0	2.971705592815413	0.029319524956122566	ENSMUST00000222484.1	0.00171970777340477	2.9048881469575702	4.395335213957277e-6
Dglucy	ENSMUSG00000021185	3.2870117816898383	0	4.489330603443231	0.45993074995922034	ENSMUST00000124957.1	0.00171970777340477	2.9048881469575702	4.395335213957277e-6
Serpina3g	ENSMUSG00000041481	2.1004079834850367	0	50.69195792305328	11.82097393025484	ENSMUST00000171065.7	2.84292280935771e-7	1.5884835555391765	2.9906791438587315e-8
Serpina3g	ENSMUSG00000041481	1.495328895058671	0	400.21731814042255	141.95706990905003	ENSMUST00000043315.13	2.84292280935771e-7	1.5884835555391765	2.9906791438587315e-8
Serpina3g	ENSMUSG00000041481	2.951359518576866	0	26.298318809656784	3.400010379572893	ENSMUST00000171916.7	2.84292280935771e-7	1.5884835555391765	2.9906791438587315e-8
Serpina3g	ENSMUSG00000041481	1.639680249628868	0	158.72902748220088	50.94052504616239	ENSMUST00000170628.1	2.84292280935771e-7	1.5884835555391765	2.9906791438587315e-8
Jag2	ENSMUSG00000002799	1.438144626990026	0	6.257914165175892	2.309430680966342	ENSMUST00000075827.4	0.00368560569108664	1.4202137387955793	3.138436587480142e-4
Jag2	ENSMUSG00000002799	1.2482025773140126	0	2.1502690835241403	0.9052038538299642	ENSMUST00000221454.1	0.00368560569108664	1.4202137387955793	3.138436587480142e-4
Igha	ENSMUSG00000095079	-1.010818001968572	1.5113667892954005e-13	8355.615831491781	16837.01127939616	ENSMUST00000178282.2	5.78360537759709e-6	-1.0333240705710036	5.1790962006320386e-8
Ighg2b	ENSMUSG00000076613	-1.646618216606419	3.0440984633124124e-12	0.6944765923044136	2.1743982347001705	ENSMUST00000192188.2	0.00277821941183541	-1.049703053272932	1.7639702539229488e-8
Ighg2b	ENSMUSG00000076613	-1.0246839811453075	3.0440984633124124e-12	676.1193552388011	1375.574077612141	ENSMUST00000103418.2	0.00277821941183541	-1.049703053272932	1.7639702539229488e-8
Ighv14-4	ENSMUSG00000076666	-2.106095863153345	2.72177161978489e-13	167.3740020041385	720.5863466179909	ENSMUST00000195706.1	3.405334847551e-4	-2.1948275282782825	2.6381477651391228e-6
Dapk1	ENSMUSG00000021559	1.4154223435207463	4.987336071059363e-12	1.4557666763395853	0.5457668988676222	ENSMUST00000226059.1	0.00533903567252293	1.2815108816074101	2.5665947912436905e-6
Dapk1	ENSMUSG00000021559	1.138900457352563	4.987336071059363e-12	6.850670011431742	3.110927205040932	ENSMUST00000077453.12	0.00533903567252293	1.2815108816074101	2.5665947912436905e-6
Dapk1	ENSMUSG00000021559	1.3229966756791036	4.987336071059363e-12	7.831601307259328	3.1303210860237702	ENSMUST00000044083.8	0.00533903567252293	1.2815108816074101	2.5665947912436905e-6
Slc38a9	ENSMUSG00000047789	-1.1922775070236622	2.4128572166455823e-6	2.290266518006577	5.233561317765988	ENSMUST00000052514.5	1.6490352593432e-4	-1.4868216902987434	3.085046119299849e-6
Slc38a9	ENSMUSG00000047789	-2.553553439343952	2.4128572166455823e-6	0.8305742455002313	4.876122876271122	ENSMUST00000223839.1	1.6490352593432e-4	-1.4868216902987434	3.085046119299849e-6
Gm43305	ENSMUSG00000105703	-2.0276707191803447	0	4.6617295826550595	19.008015838922862	ENSMUST00000225083.1	2.37564260040107e-7	-1.3846707793151634	7.3084816925723246e-6
Dmtn	ENSMUSG00000022099	-2.358364239072239	0.030649355880564673	0.41322574833811865	2.1189746029834335	ENSMUST00000228009.1	0.0030296083993313	-3.1430212201820416	1.411036473531225e-5
Dmtn	ENSMUSG00000022099	-4.0407210965171245	0.030649355880564673	0.13173230550955425	2.168056255537591	ENSMUST00000228824.1	0.0030296083993313	-3.1430212201820416	1.411036473531225e-5
Cpq	ENSMUSG00000039007	-1.1629946634634751	2.2349596762805966e-14	9.968087590062106	22.320716117537103	ENSMUST00000042167.9	3.56219622175648e-10	-1.0903466180988381	4.1592091411335875e-5
Ptp4a3	ENSMUSG00000059895	1.1132661500238397	3.60195744198952e-15	197.68808407314742	91.38059637999083	ENSMUST00000230177.1	0	1.176577809077747	9.37432730221526e-8
Ptp4a3	ENSMUSG00000059895	1.0457565797958102	3.60195744198952e-15	1.4630749989899159	0.7087000941770375	ENSMUST00000163582.8	0	1.176577809077747	9.37432730221526e-8
Ptp4a3	ENSMUSG00000059895	2.148705115001376	3.60195744198952e-15	13.941295469064936	3.1439703393713305	ENSMUST00000229339.1	0	1.176577809077747	9.37432730221526e-8
Ptp4a3	ENSMUSG00000059895	1.5825191322167451	3.60195744198952e-15	22.303889487637598	7.447231890802693	ENSMUST00000053232.7	0	1.176577809077747	9.37432730221526e-8
Mylk	ENSMUSG00000022836	1.1486173365651562	0.03856381354138141	4.1761440808656864	1.883680326588701	ENSMUST00000231998.1	3.45614565728593e-5	1.05315246212708	6.095748596301537e-4
Mylk	ENSMUSG00000022836	1.778264813940701	0.03856381354138141	1.848798978248238	0.5389874378471322	ENSMUST00000231589.1	3.45614565728593e-5	1.05315246212708	6.095748596301537e-4
Slc15a2	ENSMUSG00000022899	-5.309646358656973	0	0.03881904280534308	1.5395990793891892	ENSMUST00000163471.1	0.00361109049089631	-1.4874088514555517	6.073679440748384e-5
Slc15a2	ENSMUSG00000022899	-2.560713409174354	0	0.3437430828664646	2.028082016590907	ENSMUST00000172382.1	0.00361109049089631	-1.4874088514555517	6.073679440748384e-5
Slc15a2	ENSMUSG00000022899	-1.276328318790055	0	0.5298147666069711	1.283326513094822	ENSMUST00000167941.7	0.00361109049089631	-1.4874088514555517	6.073679440748384e-5
Slc15a2	ENSMUSG00000022899	-1.8468255882443607	0	0.462398641989361	1.6632841490938004	ENSMUST00000164770.7	0.00361109049089631	-1.4874088514555517	6.073679440748384e-5
Slc15a2	ENSMUSG00000022899	-3.7597946786184244	0	0.09219400470843377	1.2488597132509947	ENSMUST00000100308.9	0.00361109049089631	-1.4874088514555517	6.073679440748384e-5
Cd80	ENSMUSG00000075122	4.685639103404861	0	1.1403719407665251	0.0443127399115156	ENSMUST00000099816.2	1.2490042932193e-4	3.292936639893885	9.476059395322521e-4
St3gal6	ENSMUSG00000022747	-1.803003894134856	5.923065431442692e-8	1.3156825464808468	4.591021936842726	ENSMUST00000114358.8	0.00207108314838709	-1.8916314425585328	3.1256616810665065e-5
St3gal6	ENSMUSG00000022747	-3.5638714999870977	5.923065431442692e-8	0.5444448102074873	6.438520525662344	ENSMUST00000148061.1	0.00207108314838709	-1.8916314425585328	3.1256616810665065e-5
Abca3	ENSMUSG00000024130	-1.6063498060365664	0.030749591508722123	3.3192171421985925	10.106368741903704	ENSMUST00000079594.11	0.027501401257128	-1.002868249726311	5.388941521108674e-6
Cacna1h	ENSMUSG00000024112	-5.977920383859522	6.549547055413938e-14	0.0215562078884054	1.3586441104640767	ENSMUST00000161035.1	0.0284074084886228	-1.0146582055977955	0.010708889031657964
Pdia2	ENSMUSG00000024184	-3.534063537790768	6.748143120781122e-15	0.32226161742310633	3.73308358414266	ENSMUST00000039113.13	0.0122744002052399	-2.280365930652258	0.0034218143764211
Trp53cor1	ENSMUSG00000085912	2.9098911410486483	6.748143120781122e-15	4.015420929533843	0.5342771009291455	ENSMUST00000133221.2	0.00343241743837056	2.5031599680146095	6.680648613661444e-5
Kank3	ENSMUSG00000042099	1.4888712529594645	0	8.193664761178029	2.9193306319345194	ENSMUST00000048560.10	0.00512650762241432	1.6754831465663789	2.6659525641193254e-4
Kank3	ENSMUSG00000042099	3.829826556078463	0	1.3886064084112482	0.09765320322862066	ENSMUST00000173958.1	0.00512650762241432	1.6754831465663789	2.6659525641193254e-4
Kank3	ENSMUSG00000042099	8.328591712136419	0	2.9755697881808416	0.009255805365826476	ENSMUST00000234357.1	0.00512650762241432	1.6754831465663789	2.6659525641193254e-4
Kank3	ENSMUSG00000042099	1.6047837585579892	0	1.366042419575776	0.44913421183875457	ENSMUST00000234152.1	0.00512650762241432	1.6754831465663789	2.6659525641193254e-4
Notch4	ENSMUSG00000015468	-2.451013699169752	0.04541451232809687	0.3207465202531737	1.7538425273647165	ENSMUST00000156724.1	0.020995600362285802	-2.2753541991409003	0.020228304157147377
H2-Q5	ENSMUSG00000055413	-1.5431104365979513	0	7.723895606934341	22.509141092452257	ENSMUST00000174854.2	0.0027227688094769	-1.5715137848019496	1.6854420833401877e-5
H2-Q5	ENSMUSG00000055413	-1.5520744701515454	0	4.05560873494451	11.892605719712215	ENSMUST00000172979.3	0.0027227688094769	-1.5715137848019496	1.6854420833401877e-5
H2-Q9	ENSMUSG00000060550	-1.7147836988020102	0	38.67074430022383	126.93572284588024	ENSMUST00000116598.9	2.1722599059741e-4	-1.4046650561801712	5.1790962006320386e-8
H2-Q7	ENSMUSG00000060550	-1.7147836988020102	0	38.67074430022383	126.93572284588024	ENSMUST00000116598.9	2.1722599059741e-4	-1.4046650561801712	5.1790962006320386e-8
H2-Q9	ENSMUSG00000060550	-1.8020350298644454	0	13.238618704607447	46.16462064602694	ENSMUST00000173788.1	2.1722599059741e-4	-1.4046650561801712	5.1790962006320386e-8
H2-Q7	ENSMUSG00000060550	-1.8020350298644454	0	13.238618704607447	46.16462064602694	ENSMUST00000173788.1	2.1722599059741e-4	-1.4046650561801712	5.1790962006320386e-8
H2-Q9	ENSMUSG00000060550	-1.8993622320365375	0	4.0467011215910595	15.096147628361209	ENSMUST00000173016.1	2.1722599059741e-4	-1.4046650561801712	5.1790962006320386e-8
H2-Q7	ENSMUSG00000060550	-1.8993622320365375	0	4.0467011215910595	15.096147628361209	ENSMUST00000173016.1	2.1722599059741e-4	-1.4046650561801712	5.1790962006320386e-8
Ptprs	ENSMUSG00000013236	-1.423932885894414	4.738847959484952e-8	2.4304906657953698	6.521394426807294	ENSMUST00000086828.9	0	-1.2537137013446547	1.7221192359596341e-6
Ptprs	ENSMUSG00000013236	-1.8242177683915277	4.738847959484952e-8	0.9381279176931996	3.322051243010108	ENSMUST00000223706.1	0	-1.2537137013446547	1.7221192359596341e-6
Ptprs	ENSMUSG00000013236	-2.88699861053147	4.738847959484952e-8	1.19947637531704	8.872885512229628	ENSMUST00000223783.1	0	-1.2537137013446547	1.7221192359596341e-6
Ptprs	ENSMUSG00000013236	-2.1181750666845356	4.738847959484952e-8	0.36500520853193996	1.5846497735507081	ENSMUST00000223642.1	0	-1.2537137013446547	1.7221192359596341e-6
Ptprs	ENSMUSG00000013236	-2.9088479636036735	4.738847959484952e-8	0.2033124104083195	1.5269133039887492	ENSMUST00000223671.1	0	-1.2537137013446547	1.7221192359596341e-6
Gm11110	ENSMUSG00000079414	3.5296535607655075	0.038405327201002516	1.8327080721071578	0.15869443469059014	ENSMUST00000233039.1	0.0177830196264418	1.496703352395554	0.008738294611780889
Gm1976	ENSMUSG00000066057	1.3656534654091341	0.02783631211984008	6.619990986330563	2.5689446157019846	ENSMUST00000182639.1	4.10659058795891e-5	1.3721791584426075	0.0010406939896652361
Reep2	ENSMUSG00000038555	1.5222296103253015	0	7.4016344549677875	2.576860211546211	ENSMUST00000043484.7	0.0188866867331272	1.4910355267755029	2.463737214659581e-4
Iigp1	ENSMUSG00000054072	1.6723354169354687	0	25.500149494293794	8.000545568916591	ENSMUST00000066912.12	1.4825011826699e-5	1.8036446009563987	6.367520803769205e-7
Iigp1	ENSMUSG00000054072	2.172680471606005	0	5.297041297336518	1.1748741973087997	ENSMUST00000237185.1	1.4825011826699e-5	1.8036446009563987	6.367520803769205e-7
Csf1r	ENSMUSG00000024621	-1.3302129639700573	0.014873299136344262	2.5572174014928546	6.429862026919	ENSMUST00000115268.3	0.0330619777736281	-1.5926092486376047	4.988899628126325e-4
Spire1	ENSMUSG00000024533	-1.6270921213864558	6.574388462785814e-4	1.6615833460590443	5.132461081605773	ENSMUST00000045105.12	0.0135920880349566	-1.1297858195551074	5.602953138938699e-6
Spire1	ENSMUSG00000024533	-1.2079933920306396	6.574388462785814e-4	4.343024151059604	10.033084963126234	ENSMUST00000115050.9	0.0135920880349566	-1.1297858195551074	5.602953138938699e-6
Syt12	ENSMUSG00000049303	8.171001167399636	0	1.088727323002142	0.0037774843716796517	ENSMUST00000059295.9	0.00666057365573932	8.151336248422563	1.9227100692483187e-4
4930481A15Rik	ENSMUSG00000086938	-3.7288367004289285	0.0035699450504886906	0.11880673001091226	1.5751892470809428	ENSMUST00000153017.6	0.046392099146385	-1.3711094346812298	0.0034989883226155885
4930481A15Rik	ENSMUSG00000086938	-1.391609773525842	0.0035699450504886906	0.6996682083970751	1.8357283920624152	ENSMUST00000128542.2	0.046392099146385	-1.3711094346812298	0.0034989883226155885
Pygm	ENSMUSG00000032648	-2.289263354952923	6.38973518220079e-4	0.972607544065293	4.7541685164097585	ENSMUST00000035269.14	0.018420710637637	-2.4146807183734076	8.469378227118917e-5
Ms4a3	ENSMUSG00000024681	4.537379597686093	2.475617863131827e-14	53.408087758231375	2.2999567430257764	ENSMUST00000186023.6	5.14241121754725e-5	4.6196147552527975	1.51247507853454e-5
Ms4a3	ENSMUSG00000024681	6.681604191381589	2.475617863131827e-14	4.710011161857043	0.04588372366609397	ENSMUST00000190642.1	5.14241121754725e-5	4.6196147552527975	1.51247507853454e-5
Vldlr	ENSMUSG00000024924	-1.5267362549415175	8.791096495317043e-4	2.3541224158011342	6.783009899167418	ENSMUST00000167487.7	2.84926891940631e-6	-1.2378055803662082	4.816585143919072e-6
Myof	ENSMUSG00000048612	-1.2222780897218068	0.038129552286486235	0.6005533740530944	1.401180160106871	ENSMUST00000041475.15	0.0105135769306636	-1.4390105724281002	2.0059935301471555e-5
Myof	ENSMUSG00000048612	-1.2801689878548559	0.038129552286486235	1.4189210837023105	3.446097072000315	ENSMUST00000226068.1	0.0105135769306636	-1.4390105724281002	2.0059935301471555e-5
Dntt	ENSMUSG00000025014	-1.904275349287435	7.424088153891536e-14	8.17209858066811	30.58986758573252	ENSMUST00000051806.11	3.49259739784861e-11	-2.7224194047333565	6.2137233288808305e-9
Dntt	ENSMUSG00000025014	-2.8211173128865843	7.424088153891536e-14	39.588136085899265	279.7731205715653	ENSMUST00000112200.2	3.49259739784861e-11	-2.7224194047333565	6.2137233288808305e-9
Dntt	ENSMUSG00000025014	-3.153540899418473	7.424088153891536e-14	0.22102843978562325	1.9667925807048894	ENSMUST00000237959.1	3.49259739784861e-11	-2.7224194047333565	6.2137233288808305e-9
Rtl5	ENSMUSG00000049191	-2.2323524321934833	2.226280736036805e-6	0.49052799450148693	2.3049889123649683	ENSMUST00000113631.1	0.00750461128655491	-2.021943537694651	0.003718313195803744
Rtl5	ENSMUSG00000049191	-1.018677186978736	2.226280736036805e-6	0.8645964793971748	1.7517246928004977	ENSMUST00000119076.8	0.00750461128655491	-2.021943537694651	0.003718313195803744
Rtl5	ENSMUSG00000049191	-3.5517360237749287	2.226280736036805e-6	0.4215342638789792	4.943243014458419	ENSMUST00000139878.1	0.00750461128655491	-2.021943537694651	0.003718313195803744
Trmt2b	ENSMUSG00000067369	-1.5363930307963385	0.026095001654662588	0.82410498362724	2.3904679640980033	ENSMUST00000128115.7	0.0027728216334563	-1.4266827217510798	7.836214625970407e-6
Trmt2b	ENSMUSG00000067369	-1.937419424614067	0.026095001654662588	2.503808362549571	9.590084781910274	ENSMUST00000087541.11	0.0027728216334563	-1.4266827217510798	7.836214625970407e-6
Trmt2b	ENSMUSG00000067369	-1.0224536928370214	0.026095001654662588	1.166513059632583	2.369620705414791	ENSMUST00000087540.3	0.0027728216334563	-1.4266827217510798	7.836214625970407e-6
