gene_symbol	geneID	KO12_vs_KO10_dtu_log2fold	KO12_vs_KO10_dtu_gene_padj	dtu_KO10_mean	dtu_KO12_mean	transcript_id	KO12_vs_KO10_exon_gene_padj	KO12_vs_KO10_deg_log2fold	KO12_vs_KO10_deg_pval
Gm33280	ENSMUSG00000102202	-2.744239294542219	7.549939599086188e-15	0.614155854837586	4.115067271991219	ENSMUST00000193983.1	0.0150933984516853	2.8515701108433267	1.3655919669534823e-5
Pard3b	ENSMUSG00000052062	1.1911747098148724	0.026960128447515514	1.5928987630987028	0.6976038316022142	ENSMUST00000075374.9	0.00831481738560664	-1.4548382903370176	1.0780724421860415e-4
Macir	ENSMUSG00000044768	-1.2190844286033489	9.464041041037986e-15	1.3549141786966534	3.154225713301526	ENSMUST00000153115.7	0.0171047026420975	1.1865664162342489	2.3348586335543333e-4
Macir	ENSMUSG00000044768	-1.1503707386218194	9.464041041037986e-15	7.406349243045588	16.439942173994048	ENSMUST00000142234.1	0.0171047026420975	1.1865664162342489	2.3348586335543333e-4
Steap3	ENSMUSG00000026389	-2.1693937642335714	3.7233036500897026e-13	0.41199830794680087	1.8533098240272456	ENSMUST00000112641.7	0.0219453403374773	1.9745246495171873	1.0493992565250353e-8
Steap3	ENSMUSG00000026389	-1.8532592714175502	3.7233036500897026e-13	31.100654885599965	112.37149647363012	ENSMUST00000112640.7	0.0219453403374773	1.9745246495171873	1.0493992565250353e-8
Ctse	ENSMUSG00000004552	-4.272274151029658	0	9.509903168481728	183.76329271772246	ENSMUST00000073350.12	0	4.394091865328648	3.456633005889202e-9
Ctse	ENSMUSG00000004552	-4.841972497998783	0	0.03595413725493901	1.0311642126638736	ENSMUST00000141061.1	0	4.394091865328648	3.456633005889202e-9
Pik3c2b	ENSMUSG00000026447	1.214643320751393	0.015944150496187994	2.3467672047243013	1.011174099385284	ENSMUST00000077730.6	0.0155533611825797	-1.144349098710332	7.555303755727648e-5
Klhl12	ENSMUSG00000026455	-4.281750314575172	0.00600736518188255	0.2955429302891702	5.748517444861756	ENSMUST00000116528.1	0.0294563436012237	1.1581437984708973	1.0619185306017682e-6
Ncf2	ENSMUSG00000026480	1.0133606568676405	2.2601973806136348e-15	2.821514553308022	1.3977527022655096	ENSMUST00000186568.6	0.0328657045009245	-1.4626846515739764	1.1372476380367505e-6
Ncf2	ENSMUSG00000026480	1.561865663244117	2.2601973806136348e-15	5.177968541628317	1.7538441308393562	ENSMUST00000190323.6	0.0328657045009245	-1.4626846515739764	1.1372476380367505e-6
Ncf2	ENSMUSG00000026480	1.567760291209308	2.2601973806136348e-15	32.84637481348484	11.080122724115633	ENSMUST00000027754.6	0.0328657045009245	-1.4626846515739764	1.1372476380367505e-6
Ncf2	ENSMUSG00000026480	4.3585709227901575	2.2601973806136348e-15	1.9111394779000173	0.09316049719845365	ENSMUST00000189135.1	0.0328657045009245	-1.4626846515739764	1.1372476380367505e-6
Ppox	ENSMUSG00000062729	-1.136088906183728	2.2601973806136348e-15	2.2350474724755913	4.91228539383545	ENSMUST00000155083.7	9.9139301222108e-5	1.1817632515520318	5.539047275180528e-5
Ppox	ENSMUSG00000062729	-1.184784229879672	2.2601973806136348e-15	10.358338684949214	23.547548417831358	ENSMUST00000073120.10	9.9139301222108e-5	1.1817632515520318	5.539047275180528e-5
Ppox	ENSMUSG00000062729	-1.1837449246482867	2.2601973806136348e-15	1.7394447691603938	3.951421632571605	ENSMUST00000152689.7	9.9139301222108e-5	1.1817632515520318	5.539047275180528e-5
Ppox	ENSMUSG00000062729	-2.591853201596297	2.2601973806136348e-15	0.2723178227404802	1.6417295836018386	ENSMUST00000133050.1	9.9139301222108e-5	1.1817632515520318	5.539047275180528e-5
Klhdc9	ENSMUSG00000045259	1.9284326867433226	0.017321305263704036	1.1261526951534062	0.29585655585761717	ENSMUST00000061878.4	0.00256652990883194	-1.823134946389189	0.0272567195841037
Spta1	ENSMUSG00000026532	-2.9678137156735156	0	2.3405124483862334	18.31099336624094	ENSMUST00000027817.7	0.0499447266160147	3.140353946480535	2.9833933900091835e-8
Traf3ip3	ENSMUSG00000037318	1.485997194712258	2.2601973806136348e-15	33.5509956785161	11.977762128293133	ENSMUST00000043550.10	0.00407237636306479	-1.1335617241117024	2.1325469513481298e-6
Traf3ip3	ENSMUSG00000037318	1.2084875862510365	2.2601973806136348e-15	1.3943031933932937	0.6033456823506737	ENSMUST00000161403.7	0.00407237636306479	-1.1335617241117024	2.1325469513481298e-6
Spopl	ENSMUSG00000026771	-1.2498988782582257	0.004884687075537528	1.9131028919635047	4.549832222555283	ENSMUST00000028110.10	6.44716682231906e-10	1.268068081572257	0.0018561074603548377
Spopl	ENSMUSG00000026771	-1.0066059035829003	0.004884687075537528	0.6924166872970074	1.3911888768927927	ENSMUST00000132827.7	6.44716682231906e-10	1.268068081572257	0.0018561074603548377
Spopl	ENSMUSG00000026771	-2.2739547841451255	0.004884687075537528	1.001940929864276	4.845858371179104	ENSMUST00000123843.2	6.44716682231906e-10	1.268068081572257	0.0018561074603548377
Crat	ENSMUSG00000026853	-1.057274714809958	3.800310566444662e-15	4.305481437753474	8.959692896950742	ENSMUST00000028207.12	0.00134647865251944	1.7551812791739119	3.5999299339171034e-6
Crat	ENSMUSG00000026853	-1.995680204775728	3.800310566444662e-15	1.0337558916475114	4.122660774136894	ENSMUST00000102854.9	0.00134647865251944	1.7551812791739119	3.5999299339171034e-6
Crat	ENSMUSG00000026853	-2.8109994562270626	3.800310566444662e-15	0.34609957738945285	2.4288249925138916	ENSMUST00000132981.8	0.00134647865251944	1.7551812791739119	3.5999299339171034e-6
Crat	ENSMUSG00000026853	-2.532799866358119	3.800310566444662e-15	1.0893785182527718	6.304164540498432	ENSMUST00000134120.1	0.00134647865251944	1.7551812791739119	3.5999299339171034e-6
Slc2a8	ENSMUSG00000026791	-2.924646227222429	0.01463138841477139	0.1501715129053398	1.140233502072248	ENSMUST00000195863.1	0.0441699924559808	1.3091470502216112	0.001050881825865998
Dab2ip	ENSMUSG00000026883	1.5150629504649091	2.2601973806136348e-15	2.3811146563635024	0.8331072518093215	ENSMUST00000091010.11	3.2690729534455e-4	-1.4580534013658912	1.7227889481855597e-6
Dab2ip	ENSMUSG00000026883	2.538332987624064	2.2601973806136348e-15	2.3780854500461555	0.4093672424576634	ENSMUST00000156465.7	3.2690729534455e-4	-1.4580534013658912	1.7227889481855597e-6
Dab2ip	ENSMUSG00000026883	4.3179138706840865	2.2601973806136348e-15	1.0797210199705702	0.05413647356278889	ENSMUST00000138957.1	3.2690729534455e-4	-1.4580534013658912	1.7227889481855597e-6
Dab2ip	ENSMUSG00000026883	2.337268407976677	2.2601973806136348e-15	6.1809491711358575	1.2231149470174487	ENSMUST00000112983.7	3.2690729534455e-4	-1.4580534013658912	1.7227889481855597e-6
Nek6	ENSMUSG00000026749	1.9364896364133697	8.44163660735696e-15	8.122952877903987	2.122132355657289	ENSMUST00000112902.7	4.50076681441045e-7	-1.5266912225224596	2.3253487350960458e-6
Nek6	ENSMUSG00000026749	1.3653345719436547	8.44163660735696e-15	4.846705749576221	1.8812217602038077	ENSMUST00000112895.7	4.50076681441045e-7	-1.5266912225224596	2.3253487350960458e-6
Scrn3	ENSMUSG00000008226	-1.7758107624050212	0	3.942700772036579	13.501005805555387	ENSMUST00000090811.10	0.0388913285835924	1.4670067341272564	1.7366742741389557e-5
Scrn3	ENSMUSG00000008226	-1.2052258536651006	0	4.124389647997498	9.509743904527827	ENSMUST00000112050.1	0.0388913285835924	1.4670067341272564	1.7366742741389557e-5
Nckap1	ENSMUSG00000027002	-1.2906421629227314	9.464041041037986e-15	5.279243683595176	12.914979278010593	ENSMUST00000028386.11	0.00972426608249274	1.4115192006888035	3.141681028102321e-6
Slc43a1	ENSMUSG00000027075	-2.1259164305855776	0	2.7945414155535717	12.197621820175462	ENSMUST00000146816.7	0	1.695366099852503	6.882016948075819e-7
Slc43a1	ENSMUSG00000027075	-9.592885369095827	0	0.005563379536859925	4.296204343299588	ENSMUST00000028469.13	0	1.695366099852503	6.882016948075819e-7
Slc43a1	ENSMUSG00000027075	-1.4425537949764446	0	1.115733690725364	3.0325816998602857	ENSMUST00000145004.1	0	1.695366099852503	6.882016948075819e-7
Slc43a1	ENSMUSG00000027075	-2.1193229956220683	0	4.756350509932519	20.66586765337587	ENSMUST00000111625.1	0	1.695366099852503	6.882016948075819e-7
Accs	ENSMUSG00000040272	1.6316919046408516	1.2585008703628494e-14	3.1039449867329183	1.0016726328657288	ENSMUST00000111246.7	1.2514765305973e-4	-1.6664906014229897	2.400862646326199e-5
Accs	ENSMUSG00000040272	1.5875941500059139	1.2585008703628494e-14	1.798628070623142	0.5984500490839996	ENSMUST00000041593.14	1.2514765305973e-4	-1.6664906014229897	2.400862646326199e-5
Accs	ENSMUSG00000040272	1.6111498776968873	1.2585008703628494e-14	1.0381860444332465	0.339837066318321	ENSMUST00000140018.1	1.2514765305973e-4	-1.6664906014229897	2.400862646326199e-5
Accs	ENSMUSG00000040272	2.808961668174595	1.2585008703628494e-14	1.1075754551888393	0.1580489460370819	ENSMUST00000149073.7	1.2514765305973e-4	-1.6664906014229897	2.400862646326199e-5
Accs	ENSMUSG00000040272	4.85872361172355	1.2585008703628494e-14	1.4290929674584625	0.04925370833527033	ENSMUST00000141413.1	1.2514765305973e-4	-1.6664906014229897	2.400862646326199e-5
Plcb2	ENSMUSG00000040061	1.7573955451289482	0	27.40508151161027	8.105920216166204	ENSMUST00000102524.7	0.00384479766816938	-1.5274105237561182	2.5546488231076486e-7
Plcb2	ENSMUSG00000040061	2.1386680366797215	0	5.484700316267626	1.245517038276283	ENSMUST00000159756.1	0.00384479766816938	-1.5274105237561182	2.5546488231076486e-7
Plcb2	ENSMUSG00000040061	1.009410799389555	0	1.4563100590785982	0.7234206820178364	ENSMUST00000129153.1	0.00384479766816938	-1.5274105237561182	2.5546488231076486e-7
Plcb2	ENSMUSG00000040061	5.188650822866178	0	1.128399481777013	0.030940216145998463	ENSMUST00000126907.1	0.00384479766816938	-1.5274105237561182	2.5546488231076486e-7
Plcb2	ENSMUSG00000040061	1.1011625724248792	0	8.010278920118388	3.733917122653836	ENSMUST00000127248.1	0.00384479766816938	-1.5274105237561182	2.5546488231076486e-7
Plcb2	ENSMUSG00000040061	1.4466868325597042	0	2.6564036997751783	0.9745361315766881	ENSMUST00000006415.5	0.00384479766816938	-1.5274105237561182	2.5546488231076486e-7
Sirpa	ENSMUSG00000037902	3.058848580727878	0.014468967256812595	4.215349275653134	0.5058577293374169	ENSMUST00000103203.7	0.00538897603605725	-1.0464762451499432	1.8489854787050498e-4
Rassf2	ENSMUSG00000027339	1.4509238088423573	0	25.5458588570359	9.3443462031237	ENSMUST00000103182.7	0.0485834025513094	-1.2079237941161836	1.8690449354854438e-6
Rassf2	ENSMUSG00000027339	1.4345644734270777	0	4.882155601639489	1.8061951829797604	ENSMUST00000139047.7	0.0485834025513094	-1.2079237941161836	1.8690449354854438e-6
Sulf2	ENSMUSG00000006800	1.35842356583852	0	1.7752636570911007	0.6923674178875413	ENSMUST00000109249.8	0.00875821303256388	-1.9463296419096103	1.449374858121263e-7
Sulf2	ENSMUSG00000006800	3.4289845224361994	0	12.031087278381804	1.1170630368649157	ENSMUST00000146497.8	0.00875821303256388	-1.9463296419096103	1.449374858121263e-7
Sulf2	ENSMUSG00000006800	1.6773658173471857	0	21.68630907347491	6.780289201281359	ENSMUST00000088086.3	0.00875821303256388	-1.9463296419096103	1.449374858121263e-7
Sulf2	ENSMUSG00000006800	2.9122146981777943	0	2.7060183910401183	0.35947340542991923	ENSMUST00000139266.1	0.00875821303256388	-1.9463296419096103	1.449374858121263e-7
Spo11	ENSMUSG00000005883	1.6048401177298257	0.024992288789048057	1.074746810835117	0.3533467908991005	ENSMUST00000144044.7	0.0209995619718082	-1.3012329585734501	0.008545110426642768
Samd10	ENSMUSG00000038605	1.6143219900472972	0.012945080874229875	3.7384596698325665	1.221049747679164	ENSMUST00000060173.8	8.2737885694732e-4	-1.1984628720352068	4.4209531901882507e-4
Samd10	ENSMUSG00000038605	1.0657206648603013	0.012945080874229875	2.4255826766703485	1.158783213212825	ENSMUST00000183836.1	8.2737885694732e-4	-1.1984628720352068	4.4209531901882507e-4
Rgs19	ENSMUSG00000002458	2.8012095281876404	0	11.94445685216543	1.713634960683421	ENSMUST00000144476.1	0.0312296862790001	-1.1937243228327512	8.528952064184089e-6
Rgs19	ENSMUSG00000002458	1.1443773641781991	0	42.9951474003292	19.450354861272384	ENSMUST00000002532.8	0.0312296862790001	-1.1937243228327512	8.528952064184089e-6
Rgs19	ENSMUSG00000002458	3.3891385869635338	0	4.103070973797143	0.3916306335523077	ENSMUST00000165416.7	0.0312296862790001	-1.1937243228327512	8.528952064184089e-6
Rgs19	ENSMUSG00000002458	1.32070316369218	0	8.437875046332014	3.3780169322369744	ENSMUST00000108769.7	0.0312296862790001	-1.1937243228327512	8.528952064184089e-6
Rgs19	ENSMUSG00000002458	1.6274905225819496	0	12.671743930053701	4.101218645731632	ENSMUST00000108776.7	0.0312296862790001	-1.1937243228327512	8.528952064184089e-6
Rgs19	ENSMUSG00000002458	1.5464129410113332	0	3.014824745524293	1.0321561161167008	ENSMUST00000143510.7	0.0312296862790001	-1.1937243228327512	8.528952064184089e-6
Car2	ENSMUSG00000027562	-1.7177413013916887	6.4032162775732775e-15	420.73354430441384	1383.8811551158558	ENSMUST00000029078.8	0	1.7497643123271338	1.961850889456299e-9
Car2	ENSMUSG00000027562	-2.23128454017697	6.4032162775732775e-15	2.9004344158861115	13.61904406869025	ENSMUST00000195520.1	0	1.7497643123271338	1.961850889456299e-9
Hspa4l	ENSMUSG00000025757	-1.3843220152338607	0	2.6506117876762665	6.919402199024614	ENSMUST00000203353.2	0.00989696427295713	1.0266454420748001	7.985223458185202e-6
Hspa4l	ENSMUSG00000025757	-1.4458718928443648	0	0.5612208583002909	1.528919477190204	ENSMUST00000204174.1	0.00989696427295713	1.0266454420748001	7.985223458185202e-6
Hcn3	ENSMUSG00000028051	-2.068326699231911	0.0020962445601219876	0.41477084235143136	1.739548717243958	ENSMUST00000029686.3	2.29809096152184e-6	1.8508276325367126	0.006751233629517161
Vangl1	ENSMUSG00000027860	-1.2834689528038805	5.0257277594292845e-15	0.5350841678398146	1.3025210615064744	ENSMUST00000161021.1	6.01835389056172e-8	2.0157926229371532	5.228220674213427e-4
Vangl1	ENSMUSG00000027860	-5.4952790142126355	5.0257277594292845e-15	0.07188016539737369	3.2422976802609993	ENSMUST00000162361.1	6.01835389056172e-8	2.0157926229371532	5.228220674213427e-4
Pla2g12a	ENSMUSG00000027999	-1.4225107430958326	0	26.25153924069855	70.36767078972301	ENSMUST00000029629.14	4.95446514655938e-7	1.8228577838294262	8.47012762194778e-8
Pla2g12a	ENSMUSG00000027999	-3.554492585477062	0	1.981134127572687	23.27677276619361	ENSMUST00000061165.8	4.95446514655938e-7	1.8228577838294262	8.47012762194778e-8
Pla2g12a	ENSMUSG00000027999	-1.0083903557400755	0	1.0866678164760406	2.1860120384388946	ENSMUST00000196736.1	4.95446514655938e-7	1.8228577838294262	8.47012762194778e-8
Slc39a8	ENSMUSG00000053897	-2.3023302665379304	0	1.3535989035147256	6.676678496243536	ENSMUST00000180196.7	3.81124470723783e-5	1.9240369684762184	9.340405362040066e-7
Slc39a8	ENSMUSG00000053897	-1.0348716640801752	0	0.7302714798626857	1.4962761465353087	ENSMUST00000167390.7	3.81124470723783e-5	1.9240369684762184	9.340405362040066e-7
Slc39a8	ENSMUSG00000053897	-1.8694041292552042	0	3.0290751796431437	11.067684470068778	ENSMUST00000029810.5	3.81124470723783e-5	1.9240369684762184	9.340405362040066e-7
Adgrl4	ENSMUSG00000039167	1.8001920057817202	1.3646089089631816e-14	93.12306149289542	26.739018000929434	ENSMUST00000046977.11	0.0195658236283465	-1.8039685244888402	4.749485972641538e-8
Adgrl4	ENSMUSG00000039167	2.095361888688702	1.3646089089631816e-14	46.03149668375322	10.771800852891076	ENSMUST00000196970.2	0.0195658236283465	-1.8039685244888402	4.749485972641538e-8
Adgrl4	ENSMUSG00000039167	3.336925184341936	1.3646089089631816e-14	2.747275645809657	0.2718865115014711	ENSMUST00000129283.1	0.0195658236283465	-1.8039685244888402	4.749485972641538e-8
Alad	ENSMUSG00000028393	-1.8598832823892248	3.800310566444662e-15	2.240531824805725	8.132644218710707	ENSMUST00000137448.1	4.61599967265165e-5	1.4697674593994003	1.749814368881447e-7
Alad	ENSMUSG00000028393	-1.3059966790986555	3.800310566444662e-15	1.157816695093258	2.862753683945951	ENSMUST00000107444.7	4.61599967265165e-5	1.4697674593994003	1.749814368881447e-7
Alad	ENSMUSG00000028393	-1.3289142678261112	3.800310566444662e-15	64.14199034141446	161.1333693201589	ENSMUST00000030090.3	4.61599967265165e-5	1.4697674593994003	1.749814368881447e-7
Rgs3	ENSMUSG00000059810	1.9345855212729892	0.0014261610133037503	1.6264176617543669	0.4254649717439474	ENSMUST00000107424.1	0.0159840985811833	-1.0978104436758844	3.192375512430783e-4
Rgs3	ENSMUSG00000059810	1.085457918637247	0.0014261610133037503	1.1879132144640148	0.5597953942392465	ENSMUST00000126338.1	0.0159840985811833	-1.0978104436758844	3.192375512430783e-4
Rgs3	ENSMUSG00000059810	1.955347450099854	0.0014261610133037503	4.3336327629290965	1.1174648506924825	ENSMUST00000107420.7	0.0159840985811833	-1.0978104436758844	3.192375512430783e-4
Mllt3	ENSMUSG00000028496	-2.0070174019021563	0	0.7711467570408306	3.0996272932749314	ENSMUST00000126353.7	7.27751957982976e-8	1.3816145459239806	3.5268166314712342e-6
Mllt3	ENSMUSG00000028496	-1.610145981461317	0	10.08291277498704	30.781391459888944	ENSMUST00000149357.7	7.27751957982976e-8	1.3816145459239806	3.5268166314712342e-6
Mllt3	ENSMUSG00000028496	7.222708440800118	0	1.8950496238267225	0.01268728501645379	ENSMUST00000128930.7	7.27751957982976e-8	1.3816145459239806	3.5268166314712342e-6
Nfia	ENSMUSG00000028565	-2.281035935331476	0	1.0401437687238828	5.05537771165554	ENSMUST00000075448.12	0.00736195006312432	1.8741128622579284	1.3818090488546476e-5
Nfia	ENSMUSG00000028565	-1.2873680278544752	0	0.41727326815614696	1.0184904359975082	ENSMUST00000107062.8	0.00736195006312432	1.8741128622579284	1.3818090488546476e-5
Nfia	ENSMUSG00000028565	-2.029730397907866	0	1.0477082372518518	4.278091719233046	ENSMUST00000148930.2	0.00736195006312432	1.8741128622579284	1.3818090488546476e-5
Patj	ENSMUSG00000061859	1.7260403509011946	0.017278630582790794	1.0021551421413748	0.3029319216907005	ENSMUST00000041284.9	0.00379855652513131	-1.4465284684591733	2.980057554415543e-4
Ak4	ENSMUSG00000028527	10.179084918691329	2.1264871281533513e-14	3.754035145331578	0.00323808649421685	ENSMUST00000102780.7	0.00843380092175037	-1.0699890781054728	0.03712197337799474
Ak4	ENSMUSG00000028527	4.811257129979494	2.1264871281533513e-14	1.0852770729591992	0.03865519918161163	ENSMUST00000106946.7	0.00843380092175037	-1.0699890781054728	0.03712197337799474
Ak4	ENSMUSG00000028527	-2.4046684790540547	2.1264871281533513e-14	0.2495777230137327	1.3215486640224763	ENSMUST00000106945.7	0.00843380092175037	-1.0699890781054728	0.03712197337799474
Eps15	ENSMUSG00000028552	-1.9970092283444796	0	0.8534506639628407	3.4067330198953734	ENSMUST00000176251.7	0.00483254891371879	1.1566885076792621	5.681843447291701e-6
Eps15	ENSMUSG00000028552	-1.6229030226946006	0	2.4443072836244473	7.528323827070235	ENSMUST00000177192.1	0.00483254891371879	1.1566885076792621	5.681843447291701e-6
Tal1	ENSMUSG00000028717	-3.7025062720941238	3.800310566444662e-15	0.5637293294422584	7.338986312259251	ENSMUST00000136946.7	1.28358197764895e-11	1.177510243683626	8.47012762194778e-8
Tal1	ENSMUSG00000028717	-2.3304015548473065	3.800310566444662e-15	1.1009146270552872	5.536998576616351	ENSMUST00000161601.7	1.28358197764895e-11	1.177510243683626	8.47012762194778e-8
Tal1	ENSMUSG00000028717	-1.5020647142215289	3.800310566444662e-15	3.152801239446939	8.930239923900382	ENSMUST00000162489.1	1.28358197764895e-11	1.177510243683626	8.47012762194778e-8
Fhl3	ENSMUSG00000032643	1.386747200980142	2.2601973806136348e-15	14.867513772078853	5.6857249360644815	ENSMUST00000038684.5	0.0188297480642509	-1.2401089099042601	4.786831080779875e-5
Laptm5	ENSMUSG00000028581	1.2401141244803833	9.986002197312496e-14	349.29989979033996	147.87232846572613	ENSMUST00000151698.7	0.045766037097046	-1.0714709014618258	5.270586115423987e-8
Laptm5	ENSMUSG00000028581	1.082573289742206	9.986002197312496e-14	4.439872639467284	2.096445030627039	ENSMUST00000125332.1	0.045766037097046	-1.0714709014618258	5.270586115423987e-8
Phactr4	ENSMUSG00000066043	-1.194276640462077	3.800310566444662e-15	3.362431542631792	7.694254425296795	ENSMUST00000084170.11	3.2780269207892e-6	1.3308271151520108	7.931055926102806e-7
Phactr4	ENSMUSG00000066043	-2.767190677780061	3.800310566444662e-15	1.653279104252753	11.255209274038993	ENSMUST00000136711.1	3.2780269207892e-6	1.3308271151520108	7.931055926102806e-7
Man1c1	ENSMUSG00000037306	1.3817510323444038	0.009119034567111538	3.185426088089769	1.2224159988282426	ENSMUST00000054096.12	0.0499629090123078	-1.3043206620693688	6.854455775469509e-5
Smim1	ENSMUSG00000078350	-1.510203813228796	0	3.027936543900839	8.625085657102883	ENSMUST00000182191.7	0.0346538355532887	3.1779446363451624	1.386270747957726e-7
Smim1	ENSMUSG00000078350	-3.4116764744571677	0	0.43668469318148523	4.647131088782475	ENSMUST00000125533.8	0.0346538355532887	3.1779446363451624	1.386270747957726e-7
Smim1	ENSMUSG00000078350	-6.050046070445167	0	0.02316005217525994	1.534563541043097	ENSMUST00000146543.8	0.0346538355532887	3.1779446363451624	1.386270747957726e-7
Smim1	ENSMUSG00000078350	-4.7115384080070015	0	0.7628640117762618	19.987639783614068	ENSMUST00000130175.7	0.0346538355532887	3.1779446363451624	1.386270747957726e-7
Smim1	ENSMUSG00000078350	-3.311602555372932	0	0.3818237691169749	3.791007671638929	ENSMUST00000132541.7	0.0346538355532887	3.1779446363451624	1.386270747957726e-7
Smim1	ENSMUSG00000078350	-1.4986152650571296	0	0.6310775548964815	1.7832444495847097	ENSMUST00000145527.7	0.0346538355532887	3.1779446363451624	1.386270747957726e-7
Smim1	ENSMUSG00000078350	-3.069060078340551	0	2.441015650353876	20.48564799410571	ENSMUST00000146054.7	0.0346538355532887	3.1779446363451624	1.386270747957726e-7
Smim1	ENSMUSG00000078350	-3.841997739019071	0	0.1465386970671661	2.101400776771201	ENSMUST00000131325.2	0.0346538355532887	3.1779446363451624	1.386270747957726e-7
Smim1	ENSMUSG00000078350	-3.171950024030981	0	0.1378283527111626	1.2421975478315876	ENSMUST00000126624.1	0.0346538355532887	3.1779446363451624	1.386270747957726e-7
Tnfrsf14	ENSMUSG00000042333	-1.1769325912142696	1.1676727246080334e-14	9.052638253207736	20.467612161398932	ENSMUST00000219534.2	1.3805365775298e-6	1.6957452896241478	2.892488550881539e-6
Tnfrsf14	ENSMUSG00000042333	-1.2672725042136448	1.1676727246080334e-14	3.6800910977895187	8.858202536095188	ENSMUST00000123514.7	1.3805365775298e-6	1.6957452896241478	2.892488550881539e-6
Tnfrsf14	ENSMUSG00000042333	-3.5703618501073997	1.1676727246080334e-14	0.2057660507199237	2.4443294171697287	ENSMUST00000137803.7	1.3805365775298e-6	1.6957452896241478	2.892488550881539e-6
Tnfrsf14	ENSMUSG00000042333	-1.7684828989422414	1.1676727246080334e-14	14.78157864266926	50.360173505239764	ENSMUST00000145296.1	1.3805365775298e-6	1.6957452896241478	2.892488550881539e-6
Slc35e2	ENSMUSG00000042202	-2.3356926805845655	0	0.6404567838824544	3.232982752204003	ENSMUST00000118607.1	0.0291217488951124	1.2034628740423052	2.095675239371175e-6
Abcb4	ENSMUSG00000042476	-2.544956665930326	0	11.720310373345495	68.39863058920434	ENSMUST00000003717.12	0.0215004371851759	2.6577840510354465	1.2479190204555e-8
Abcb4	ENSMUSG00000042476	-1.9867471790515356	0	0.746255641069371	2.9577272443758647	ENSMUST00000197458.1	0.0215004371851759	2.6577840510354465	1.2479190204555e-8
Abcb4	ENSMUSG00000042476	-3.3354715339140593	0	0.2046073762079456	2.0653719170464635	ENSMUST00000197150.1	0.0215004371851759	2.6577840510354465	1.2479190204555e-8
Prkag2	ENSMUSG00000028944	1.8679667239821118	0	13.163018241769823	3.6061307429124163	ENSMUST00000114975.7	6.0079771687875e-9	-1.5730037371435817	4.287032899760226e-6
Prkag2	ENSMUSG00000028944	2.1327631864058563	0	7.818810946508322	1.782850879289152	ENSMUST00000076306.11	6.0079771687875e-9	-1.5730037371435817	4.287032899760226e-6
Prkag2	ENSMUSG00000028944	1.4228337018465274	0	2.6542293750286095	0.9899718104962512	ENSMUST00000135525.1	6.0079771687875e-9	-1.5730037371435817	4.287032899760226e-6
Prkag2	ENSMUSG00000028944	1.5555975238727255	0	1.6603561707678474	0.5648325871335531	ENSMUST00000139698.1	6.0079771687875e-9	-1.5730037371435817	4.287032899760226e-6
Rgs12	ENSMUSG00000029101	-5.359251247344006	0	0.3017285451263383	12.385449658571465	ENSMUST00000153972.7	0	1.5575803639647754	1.8628938502258958e-7
Rgs12	ENSMUSG00000029101	-11.074180547918685	0	0.003967450704694678	8.554055460709108	ENSMUST00000114281.7	0	1.5575803639647754	1.8628938502258958e-7
Rgs12	ENSMUSG00000029101	-1.6990437919659551	0	2.9967835535395837	9.730127293912297	ENSMUST00000114280.7	0	1.5575803639647754	1.8628938502258958e-7
Cracd	ENSMUSG00000036377	-2.5945265262085173	1.4763400344704995e-14	1.710775174700256	10.332924317583938	ENSMUST00000086909.4	0.0109392493062304	1.5081890936481628	8.373635539765411e-5
Cracd	ENSMUSG00000036377	-1.0268435052424592	1.4763400344704995e-14	2.981219017029801	6.074416671870788	ENSMUST00000128112.7	0.0109392493062304	1.5081890936481628	8.373635539765411e-5
Cracd	ENSMUSG00000036377	-2.3276704508025436	1.4763400344704995e-14	0.4554220883432823	2.286192081251251	ENSMUST00000187287.1	0.0109392493062304	1.5081890936481628	8.373635539765411e-5
Cracd	ENSMUSG00000036377	-2.2220249930675124	1.4763400344704995e-14	0.6194203047926641	2.889891992208322	ENSMUST00000120639.8	0.0109392493062304	1.5081890936481628	8.373635539765411e-5
Stap1	ENSMUSG00000029254	1.2696326803322706	2.2601973806136348e-15	14.344940068044275	5.949784252445307	ENSMUST00000198435.4	0.00648886021053929	-1.3699820878765658	3.924082617339952e-6
Stap1	ENSMUSG00000029254	1.652331973080311	2.2601973806136348e-15	1.1677537782681384	0.3714922811425899	ENSMUST00000132546.1	0.00648886021053929	-1.3699820878765658	3.924082617339952e-6
Stap1	ENSMUSG00000029254	1.7918871151374918	2.2601973806136348e-15	14.151579508660106	4.086891849568871	ENSMUST00000031171.8	0.00648886021053929	-1.3699820878765658	3.924082617339952e-6
Stap1	ENSMUSG00000029254	2.368826181405725	2.2601973806136348e-15	1.6205381424927188	0.313741177619804	ENSMUST00000138076.1	0.00648886021053929	-1.3699820878765658	3.924082617339952e-6
Evi5	ENSMUSG00000011831	-1.3282481835265039	7.549939599086188e-15	2.5507748351978154	6.404934144782198	ENSMUST00000112642.7	0.0130437942984854	1.9945722450228693	4.691694687193077e-6
Evi5	ENSMUSG00000011831	-3.4984228838007185	7.549939599086188e-15	0.10224091211355907	1.1554600671720225	ENSMUST00000155897.7	0.0130437942984854	1.9945722450228693	4.691694687193077e-6
Evi5	ENSMUSG00000011831	-1.4382555885381214	7.549939599086188e-15	0.7748038396425232	2.0996641729840273	ENSMUST00000124034.7	0.0130437942984854	1.9945722450228693	4.691694687193077e-6
Evi5	ENSMUSG00000011831	-3.920225073327266	7.549939599086188e-15	0.23249529914480396	3.51981236871182	ENSMUST00000133411.1	0.0130437942984854	1.9945722450228693	4.691694687193077e-6
Bicdl1	ENSMUSG00000041609	1.7279128819963407	0.005991800521582448	3.960823663395837	1.1957266274508873	ENSMUST00000055408.12	6.52734513036254e-6	-1.2459259644102154	1.5965100088655287e-4
Bicdl1	ENSMUSG00000041609	3.058878979214153	0.005991800521582448	1.0808925615999359	0.1297084299032602	ENSMUST00000148276.2	6.52734513036254e-6	-1.2459259644102154	1.5965100088655287e-4
Tpcn1	ENSMUSG00000032741	-1.1404286170422655	0	18.07761956848468	39.85148087572395	ENSMUST00000046426.9	0.00159413985938194	1.2582606796277398	1.3180909148065859e-7
Tmem120b	ENSMUSG00000054434	-2.720549422919668	6.4032162775732775e-15	1.2553304507073801	8.274181527697817	ENSMUST00000067505.14	0.00400179173474507	2.7201011361601792	2.690903762821311e-5
Tmem120b	ENSMUSG00000054434	-2.138879567708722	6.4032162775732775e-15	0.2808005243094467	1.2367013115400423	ENSMUST00000161059.7	0.00400179173474507	2.7201011361601792	2.690903762821311e-5
Vkorc1l1	ENSMUSG00000066735	-1.1970047441813936	3.800310566444662e-15	6.1925798787357085	14.197306238753825	ENSMUST00000073945.5	0.00139409893140294	1.075779224208862	2.6249841190589547e-6
Clip2	ENSMUSG00000063146	1.1778538483935408	3.800310566444662e-15	9.02255704879922	3.98804727497999	ENSMUST00000036999.9	0.0335077795551626	-1.1253093036352118	7.827746600344307e-6
Nxpe5	ENSMUSG00000047592	1.8305725209370831	0.016692138386293597	2.035518824577425	0.5722922768186818	ENSMUST00000161047.7	0.0140188424245244	-1.7659033682373777	1.290966375531966e-4
Arpc1b	ENSMUSG00000029622	1.1634283056106247	0	75.94112374711025	33.903942403230936	ENSMUST00000085679.12	1.67935815072058e-5	-1.1048085142373472	1.0864374240229443e-7
Arpc1b	ENSMUSG00000029622	1.222957805998418	0	1.09065149739365	0.46723892592911487	ENSMUST00000129033.7	1.67935815072058e-5	-1.1048085142373472	1.0864374240229443e-7
Arpc1b	ENSMUSG00000029622	1.3886168136246968	0	169.82693720304468	64.8621385956498	ENSMUST00000196111.4	1.67935815072058e-5	-1.1048085142373472	1.0864374240229443e-7
Arpc1b	ENSMUSG00000029622	1.1097361594236268	0	49.91746724357566	23.130694376589428	ENSMUST00000138900.7	1.67935815072058e-5	-1.1048085142373472	1.0864374240229443e-7
Hsph1	ENSMUSG00000029657	-1.0728412945301038	0	60.403353458302234	127.06281147321413	ENSMUST00000202361.3	0.00174683316283296	1.213753232431908	9.4385066741945e-7
Hsph1	ENSMUSG00000029657	-1.87916833047712	0	4.254980045984347	15.652494582660887	ENSMUST00000074846.13	0.00174683316283296	1.213753232431908	9.4385066741945e-7
Hsph1	ENSMUSG00000029657	-9.698260063642959	0	0.004522412701751574	3.756966971918553	ENSMUST00000202089.3	0.00174683316283296	1.213753232431908	9.4385066741945e-7
Hsph1	ENSMUSG00000029657	-1.400696626831462	0	4.888147187194814	12.906128177309984	ENSMUST00000201877.1	0.00174683316283296	1.213753232431908	9.4385066741945e-7
Hsph1	ENSMUSG00000029657	-2.741263511527096	0	0.3489962934287948	2.333583565053332	ENSMUST00000202137.1	0.00174683316283296	1.213753232431908	9.4385066741945e-7
Hsph1	ENSMUSG00000029657	-1.850717794563207	0	0.7326329483054239	2.642457528454816	ENSMUST00000201431.3	0.00174683316283296	1.213753232431908	9.4385066741945e-7
Hsph1	ENSMUSG00000029657	-1.331201344927323	0	1.6535030508226374	4.160413870816614	ENSMUST00000200805.3	0.00174683316283296	1.213753232431908	9.4385066741945e-7
Hsph1	ENSMUSG00000029657	-1.9939836274580927	0	0.2615882725642612	1.0419986413087459	ENSMUST00000201666.1	0.00174683316283296	1.213753232431908	9.4385066741945e-7
Tfec	ENSMUSG00000029553	1.9199996602301592	2.2601973806136348e-15	9.996330952460507	2.6415761611620887	ENSMUST00000031533.10	0.0391432284968733	-1.68515663970717	3.084186814896907e-5
Mkrn1	ENSMUSG00000029922	-1.1936865409883393	0	0.6316129910603365	1.4447293919783295	ENSMUST00000122996.7	0.00572149293348151	1.103119092945259	4.3037259365771213e-7
Mkrn1	ENSMUSG00000029922	-1.3219607585250714	0	1.2882462581526113	3.220688563226628	ENSMUST00000051671.10	0.00572149293348151	1.103119092945259	4.3037259365771213e-7
Mkrn1	ENSMUSG00000029922	-1.3410622729692372	0	12.960444591254207	32.833703339848284	ENSMUST00000114822.1	0.00572149293348151	1.103119092945259	4.3037259365771213e-7
Tmem176a	ENSMUSG00000023367	2.6685477337261627	0	2.3442433588119203	0.36871413042708395	ENSMUST00000204400.1	0.0263350030184368	-1.0944603498812695	4.84778102891951e-6
Tmem176a	ENSMUSG00000023367	1.3019752609381072	0	46.99350353888367	19.059180248465797	ENSMUST00000101426.10	0.0263350030184368	-1.0944603498812695	4.84778102891951e-6
Tmem176a	ENSMUSG00000023367	1.3708808999610673	0	18.752920948908717	7.250912286229198	ENSMUST00000204482.2	0.0263350030184368	-1.0944603498812695	4.84778102891951e-6
Tmem176a	ENSMUSG00000023367	1.101227426076662	0	1.6457203707034611	0.7671027816310141	ENSMUST00000203461.1	0.0263350030184368	-1.0944603498812695	4.84778102891951e-6
Mmrn1	ENSMUSG00000054641	1.2835019213493088	0.00998095150477778	5.6545432999028495	2.3228702735635824	ENSMUST00000129603.3	0.0492208985825277	-1.0664259986779534	2.2985616497595694e-5
Mmrn1	ENSMUSG00000054641	1.0537274152532696	0.00998095150477778	2.606055692405394	1.2553942445692288	ENSMUST00000204333.1	0.0492208985825277	-1.0664259986779534	2.2985616497595694e-5
Gadd45a	ENSMUSG00000036390	-1.3769333414666955	8.44163660735696e-15	11.077073749967727	28.768901879918822	ENSMUST00000043098.8	0.0480619471427065	1.5908840907345594	8.200602717477773e-6
Gadd45a	ENSMUSG00000036390	-2.1338032924710455	8.44163660735696e-15	0.6716813528582215	2.947827645819628	ENSMUST00000126194.1	0.0480619471427065	1.5908840907345594	8.200602717477773e-6
Gadd45a	ENSMUSG00000036390	-1.2728144004028892	8.44163660735696e-15	0.41389869441805827	1.0001136849030858	ENSMUST00000155041.1	0.0480619471427065	1.5908840907345594	8.200602717477773e-6
Igkv12-44	ENSMUSG00000096422	-1.1341316593009723	2.012348321684081e-14	634.0753934479837	1391.7093607169677	ENSMUST00000103367.2	0.0270686504152824	1.263651234453759	4.6515607548431657e-7
M1ap	ENSMUSG00000030041	-1.8716906119561187	0.008320128651343415	0.9232242875319304	3.378642477587994	ENSMUST00000204891.1	1.77285638643347e-7	1.6604396558825885	0.0015599082377505144
Htra2	ENSMUSG00000068329	-1.241068157082602	2.2601973806136348e-15	6.500218812959997	15.364793161593926	ENSMUST00000122955.7	0.00318429494352242	1.0430483628847504	3.6413324714076824e-7
Htra2	ENSMUSG00000068329	-2.6623421582477986	2.2601973806136348e-15	0.3986349735927276	2.5235984181674915	ENSMUST00000150217.1	0.00318429494352242	1.0430483628847504	3.6413324714076824e-7
Nagk	ENSMUSG00000034744	1.2383311110111546	0.009413353455281208	3.8524085804366575	1.6328922677066373	ENSMUST00000037376.13	0.0265786740209735	-1.0186330787311957	0.003847078851824158
Nagk	ENSMUSG00000034744	1.6285502611746416	0.009413353455281208	4.100544950525288	1.3261696936978353	ENSMUST00000113851.7	0.0265786740209735	-1.0186330787311957	0.003847078851824158
Nagk	ENSMUSG00000034744	1.1918418716416308	0.009413353455281208	2.132831759135115	0.9336335412625226	ENSMUST00000146117.7	0.0265786740209735	-1.0186330787311957	0.003847078851824158
Slc41a3	ENSMUSG00000030089	-1.7358125864730638	6.4032162775732775e-15	4.238222549270825	14.116122326318687	ENSMUST00000032177.9	1.22303808899202e-8	1.3464540547404815	5.470446761638924e-6
Irak2	ENSMUSG00000060477	-1.0536183432405557	0.015049960973082845	2.50767011722756	5.205244452580139	ENSMUST00000059286.13	0.00813358614876008	1.5966071601722631	6.047397605265752e-4
Irak2	ENSMUSG00000060477	-2.1235178851815864	0.015049960973082845	1.318719416567197	5.746388449451281	ENSMUST00000203381.1	0.00813358614876008	1.5966071601722631	6.047397605265752e-4
Mical3	ENSMUSG00000051586	-1.2538330848596404	0	3.1237906386086607	7.4494341784380484	ENSMUST00000207889.1	0.0156113065597574	1.4985257008418031	5.03289252184014e-6
Mical3	ENSMUSG00000051586	-1.200027430864382	0	0.8951134964152269	2.0564699023141415	ENSMUST00000150503.3	0.0156113065597574	1.4985257008418031	5.03289252184014e-6
Mical3	ENSMUSG00000051586	-2.1983503289759727	0	0.5759350590324441	2.64327839501314	ENSMUST00000204302.2	0.0156113065597574	1.4985257008418031	5.03289252184014e-6
Mical3	ENSMUSG00000051586	-2.9287824764995785	0	0.19892317786770541	1.5147353638892533	ENSMUST00000077159.7	0.0156113065597574	1.4985257008418031	5.03289252184014e-6
Etv6	ENSMUSG00000030199	1.64618554744265	0	36.91650307206915	11.794222794588348	ENSMUST00000111963.7	0.0196273161220861	-1.1647297379479218	4.664785059135322e-8
Hebp1	ENSMUSG00000042770	-3.235729911344568	2.2601973806136348e-15	8.086997295696765	76.17966509546623	ENSMUST00000045855.8	0.0233729124262306	3.4266897931157474	4.6277363201731245e-7
Hebp1	ENSMUSG00000042770	-4.934619544638016	2.2601973806136348e-15	0.13109167117804582	4.009069638192525	ENSMUST00000204000.1	0.0233729124262306	3.4266897931157474	4.6277363201731245e-7
Tnnt1	ENSMUSG00000064179	4.4528636617936055	8.44163660735696e-15	1.540052832631539	0.07032181820025396	ENSMUST00000169571.1	0.00366025904649411	-2.06625323498351	0.00811181472224235
Epn1	ENSMUSG00000035203	-1.0137458471709364	0	30.7606689234702	62.11030807489854	ENSMUST00000098845.9	0.0244787059475907	1.0521393936165255	1.5176092773195746e-7
Epn1	ENSMUSG00000035203	-1.420921331470481	0	1.6933239300532157	4.533984051273143	ENSMUST00000045277.6	0.0244787059475907	1.0521393936165255	1.5176092773195746e-7
Epn1	ENSMUSG00000035203	-5.492071480003021	0	0.07864274480153782	3.5394592506434472	ENSMUST00000155436.1	0.0244787059475907	1.0521393936165255	1.5176092773195746e-7
Plaur	ENSMUSG00000046223	1.9656452695476527	5.0257277594292845e-15	7.141483787412394	1.8283960215539667	ENSMUST00000002284.10	0.031568170812058	-1.7650270628185736	5.730447700173475e-4
Blvrb	ENSMUSG00000040466	-2.8230272718664287	0	27.379551754046794	193.75022752844643	ENSMUST00000037399.15	0.0020037858251539	3.031861093536137	2.344134217192302e-8
Blvrb	ENSMUSG00000040466	-3.2742070074991427	0	3.7596418878001368	36.373157310475705	ENSMUST00000108358.7	0.0020037858251539	3.031861093536137	2.344134217192302e-8
Blvrb	ENSMUSG00000040466	-4.7674232411307065	0	0.1865147597936903	5.079846659926076	ENSMUST00000133750.7	0.0020037858251539	3.031861093536137	2.344134217192302e-8
Blvrb	ENSMUSG00000040466	-3.014786292071634	0	0.12536006272792305	1.013211954455234	ENSMUST00000207799.1	0.0020037858251539	3.031861093536137	2.344134217192302e-8
Blvrb	ENSMUSG00000040466	-2.717904894581982	0	0.704559070836306	4.635411663847773	ENSMUST00000153644.1	0.0020037858251539	3.031861093536137	2.344134217192302e-8
Hpn	ENSMUSG00000001249	-2.9286629209552015	9.464041041037986e-15	6.528325707398142	49.706959664542026	ENSMUST00000039435.14	0.0378555581983179	3.011259939247072	4.2115283947371907e-7
Hpn	ENSMUSG00000001249	-2.5023041320456474	9.464041041037986e-15	0.2068750064258602	1.1721322806583414	ENSMUST00000165124.7	0.0378555581983179	3.011259939247072	4.2115283947371907e-7
Hpn	ENSMUSG00000001249	-2.6285798456433973	9.464041041037986e-15	0.4265537793516986	2.6378808421231823	ENSMUST00000171225.1	0.0378555581983179	3.011259939247072	4.2115283947371907e-7
Hpn	ENSMUSG00000001249	-3.4255316524057995	9.464041041037986e-15	0.2195214691850018	2.358656942855583	ENSMUST00000164340.1	0.0378555581983179	3.011259939247072	4.2115283947371907e-7
Hpn	ENSMUSG00000001249	-4.113793777350621	9.464041041037986e-15	0.07618968397695783	1.319081092114851	ENSMUST00000167719.7	0.0378555581983179	3.011259939247072	4.2115283947371907e-7
Isg20	ENSMUSG00000039236	-1.6604721977820542	5.0257277594292845e-15	0.4435961693301081	1.4022960982214856	ENSMUST00000121645.7	0.0138505413363446	1.8183518540061963	7.611726739039674e-7
Isg20	ENSMUSG00000039236	-1.866346953569539	5.0257277594292845e-15	1.1655531368544914	4.2497021525796885	ENSMUST00000133042.1	0.0138505413363446	1.8183518540061963	7.611726739039674e-7
Isg20	ENSMUSG00000039236	-2.752275395930583	5.0257277594292845e-15	6.781144471856238	45.689925255988406	ENSMUST00000120331.3	0.0138505413363446	1.8183518540061963	7.611726739039674e-7
Mfge8	ENSMUSG00000030605	1.1152474238138352	0	13.87840943825693	6.4064400823099525	ENSMUST00000107409.4	0.0429150491910471	-1.5399980878055333	1.2253803722955742e-6
Mfge8	ENSMUSG00000030605	2.133318307117234	0	19.48606099860843	4.441516266297901	ENSMUST00000032825.13	0.0429150491910471	-1.5399980878055333	1.2253803722955742e-6
Fes	ENSMUSG00000053158	1.3716789681511519	0	2.083011557316024	0.8049616046850615	ENSMUST00000205617.1	0.0117412426409097	-1.2927673905873025	9.87880272865028e-7
Fes	ENSMUSG00000053158	1.5508260663097315	0	28.943596263865338	9.878871299403922	ENSMUST00000080932.7	0.0117412426409097	-1.2927673905873025	9.87880272865028e-7
Fes	ENSMUSG00000053158	1.7707482928255152	0	1.2029562202866266	0.352534375464168	ENSMUST00000206479.1	0.0117412426409097	-1.2927673905873025	9.87880272865028e-7
Fes	ENSMUSG00000053158	1.035854011154986	0	2.1418802510781445	1.0446530053376584	ENSMUST00000206728.1	0.0117412426409097	-1.2927673905873025	9.87880272865028e-7
Fes	ENSMUSG00000053158	3.747013910979238	0	4.854591100584681	0.3615672399511952	ENSMUST00000206539.1	0.0117412426409097	-1.2927673905873025	9.87880272865028e-7
Acer3	ENSMUSG00000030760	-1.1828278022442933	6.4032162775732775e-15	5.119908384029333	11.62328369414795	ENSMUST00000151258.7	0.0122075117778682	1.1467250627901429	1.7545867563872512e-4
Acer3	ENSMUSG00000030760	-1.4103460056335304	6.4032162775732775e-15	1.4202377702296238	3.7750048174224013	ENSMUST00000137899.1	0.0122075117778682	1.1467250627901429	1.7545867563872512e-4
Fchsd2	ENSMUSG00000030691	1.9472195895390847	0	1.0417357942405012	0.2701382500978148	ENSMUST00000032931.8	0.0180254357251893	-1.1069152875470198	2.5181808268864987e-5
Fchsd2	ENSMUSG00000030691	1.1024100734296631	0	18.52276607889084	8.626752581740075	ENSMUST00000098250.9	0.0180254357251893	-1.1069152875470198	2.5181808268864987e-5
Stard10	ENSMUSG00000030688	-1.6905984482370817	0	1.715287826054547	5.536787411814522	ENSMUST00000163799.8	0.0134031870302509	1.9434668349474826	1.2023331915607051e-7
Stard10	ENSMUSG00000030688	-1.794175910691046	0	42.37554846476884	146.96573768838374	ENSMUST00000032927.13	0.0134031870302509	1.9434668349474826	1.2023331915607051e-7
Stard10	ENSMUSG00000030688	-3.260958964853865	0	0.1444692374580661	1.3849109322861377	ENSMUST00000172630.7	0.0134031870302509	1.9434668349474826	1.2023331915607051e-7
Stard10	ENSMUSG00000030688	-5.8442101032071205	0	0.04306464129692819	2.474020968601884	ENSMUST00000167888.8	0.0134031870302509	1.9434668349474826	1.2023331915607051e-7
Stard10	ENSMUSG00000030688	-1.2873460952727453	0	0.454724364286632	1.1098850817045647	ENSMUST00000174083.1	0.0134031870302509	1.9434668349474826	1.2023331915607051e-7
Sox6	ENSMUSG00000051910	-1.1089381184487377	0	0.9500367994513266	2.0491043010332786	ENSMUST00000206034.1	1.19171325189482e-6	2.2950505350733423	5.614356327693534e-4
Sox6	ENSMUSG00000051910	-4.128084110203548	0	0.07876167188586625	1.3771843162386421	ENSMUST00000166207.2	1.19171325189482e-6	2.2950505350733423	5.614356327693534e-4
Il4ra	ENSMUSG00000030748	1.5832327445924472	0	13.692092442913982	4.569506257619624	ENSMUST00000206846.1	0.0437733623190082	-1.250218390605724	2.8325239947878855e-6
Mylpf	ENSMUSG00000030672	-1.4337814839954468	1.2585008703628494e-14	0.8215151364293352	2.219355141423116	ENSMUST00000206204.1	2.8955539356263e-6	1.8673923026120334	9.38210688976853e-4
Mylpf	ENSMUSG00000030672	-1.5829770992206493	1.2585008703628494e-14	3.672525843585098	11.002425839097366	ENSMUST00000206772.1	2.8955539356263e-6	1.8673923026120334	9.38210688976853e-4
Uros	ENSMUSG00000030979	-1.3624268173894047	0	1.7682798344629629	4.546553785917702	ENSMUST00000135760.7	0	2.0009356251594377	1.3248611079182016e-6
Uros	ENSMUSG00000030979	-10.764918762526682	0	0.010536300103690083	18.333761629508192	ENSMUST00000106146.7	0	2.0009356251594377	1.3248611079182016e-6
Uros	ENSMUSG00000030979	-1.2805535628712668	0	5.227313988166465	12.698827419419278	ENSMUST00000106145.9	0	2.0009356251594377	1.3248611079182016e-6
Uros	ENSMUSG00000030979	-2.645434357318039	0	0.281635003970547	1.7621453358712174	ENSMUST00000106144.7	0	2.0009356251594377	1.3248611079182016e-6
Uros	ENSMUSG00000030979	-3.194666494983579	0	0.34057602639969903	3.1182039350406177	ENSMUST00000153698.2	0	2.0009356251594377	1.3248611079182016e-6
Uros	ENSMUSG00000030979	-2.63774342764592	0	0.29086497993773797	1.8102198716672464	ENSMUST00000151348.1	0	2.0009356251594377	1.3248611079182016e-6
Ptpre	ENSMUSG00000041836	1.1999280738225553	0	2.785558635596863	1.2125452701120365	ENSMUST00000211140.1	2.1777684798758e-4	-1.1162027092521063	9.318827627842282e-7
Ptpre	ENSMUSG00000041836	1.2294628210569123	0	22.60610198866508	9.640964749023174	ENSMUST00000073961.7	2.1777684798758e-4	-1.1162027092521063	9.318827627842282e-7
Ptpre	ENSMUSG00000041836	2.0339083057018597	0	3.14084326860565	0.7669708474563566	ENSMUST00000210833.1	2.1777684798758e-4	-1.1162027092521063	9.318827627842282e-7
Ptpre	ENSMUSG00000041836	1.4079675153957438	0	2.615190259777976	0.9855140836133689	ENSMUST00000209979.1	2.1777684798758e-4	-1.1162027092521063	9.318827627842282e-7
Ptdss2	ENSMUSG00000025495	-2.199268088108802	0	2.4558409342939314	11.278358546893472	ENSMUST00000174373.7	4.66998574052685e-6	1.8581153841723683	5.716899696029278e-6
Ptdss2	ENSMUSG00000025495	-1.44736274469149	0	10.468700947901192	28.54909820736634	ENSMUST00000026568.9	4.66998574052685e-6	1.8581153841723683	5.716899696029278e-6
Ptdss2	ENSMUSG00000025495	-1.2520892960226662	0	1.5540452477818811	3.701519954635609	ENSMUST00000174706.7	4.66998574052685e-6	1.8581153841723683	5.716899696029278e-6
Ptdss2	ENSMUSG00000025495	-4.570666494831807	0	0.12375514621745465	2.9408371960348605	ENSMUST00000174612.7	4.66998574052685e-6	1.8581153841723683	5.716899696029278e-6
Ptdss2	ENSMUSG00000025495	-2.034431174566975	0	0.3162129370930279	1.2954016375895545	ENSMUST00000210026.1	4.66998574052685e-6	1.8581153841723683	5.716899696029278e-6
Ptdss2	ENSMUSG00000025495	-2.538857651613279	0	1.0577587205496561	6.146939268871803	ENSMUST00000209928.1	4.66998574052685e-6	1.8581153841723683	5.716899696029278e-6
Arhgef18	ENSMUSG00000004568	1.0751821488375248	0	25.174236302888467	11.947972844614139	ENSMUST00000004684.12	0.00566908496924935	-1.0270844997329371	5.750211606374468e-6
Arhgef18	ENSMUSG00000004568	2.3506982858052914	0	4.712307694555431	0.9238531535193415	ENSMUST00000145360.1	0.00566908496924935	-1.0270844997329371	5.750211606374468e-6
Col4a1	ENSMUSG00000031502	2.397158305553766	0	6.871053468575077	1.3043879369776854	ENSMUST00000033898.9	0.0115233409889533	-2.2769807450691695	2.304021995977416e-5
Clcn3	ENSMUSG00000004319	-1.3852330180550712	8.44163660735696e-15	5.545802568212839	14.486420718927029	ENSMUST00000093490.8	1.1370967424062e-4	1.3244871489476795	5.161118659579908e-7
Clcn3	ENSMUSG00000004319	-1.2706400944196463	8.44163660735696e-15	0.9250832378551723	2.2319352635342993	ENSMUST00000110301.1	1.1370967424062e-4	1.3244871489476795	5.161118659579908e-7
Clcn3	ENSMUSG00000004319	-1.910284877850798	8.44163660735696e-15	0.30445725580298627	1.1444040262784623	ENSMUST00000132234.7	1.1370967424062e-4	1.3244871489476795	5.161118659579908e-7
Pik3r2	ENSMUSG00000031834	-1.5430754297603286	0	0.5098883187038716	1.485891343278681	ENSMUST00000143785.1	0.0196475227237565	1.0449714267412658	1.5385471572091553e-6
Slc27a1	ENSMUSG00000031808	1.3522121678919707	0.0028680031197311513	5.7870840632357305	2.2667486614144776	ENSMUST00000212889.1	0.0406794684742789	-1.1364034983473048	8.373635539765411e-5
Slc27a1	ENSMUSG00000031808	1.1810656479285297	0.0028680031197311513	2.865014782659915	1.263544903226522	ENSMUST00000212111.1	0.0406794684742789	-1.1364034983473048	8.373635539765411e-5
Slc27a1	ENSMUSG00000031808	1.1639737638968615	0.0028680031197311513	1.6663010416546846	0.7436394974645051	ENSMUST00000211811.1	0.0406794684742789	-1.1364034983473048	8.373635539765411e-5
Prdx2	ENSMUSG00000005161	-1.7306571209022503	0	32.2700939609431	107.09764855826508	ENSMUST00000109734.7	6.1125575338422e-6	1.3642071397483004	8.365752494359221e-9
Prdx2	ENSMUSG00000005161	-1.084186151795226	0	158.78453179469477	336.65164843162427	ENSMUST00000005292.14	6.1125575338422e-6	1.3642071397483004	8.365752494359221e-9
Prdx2	ENSMUSG00000005161	-2.180355941280086	0	0.452274695120252	2.0500045694294124	ENSMUST00000138748.6	6.1125575338422e-6	1.3642071397483004	8.365752494359221e-9
Prdx2	ENSMUSG00000005161	-4.046635130251933	0	0.8022659389815409	13.25796627339883	ENSMUST00000143402.2	6.1125575338422e-6	1.3642071397483004	8.365752494359221e-9
Prdx2	ENSMUSG00000005161	-1.4907539970691353	0	7.17863152531366	20.174525597619734	ENSMUST00000125893.7	6.1125575338422e-6	1.3642071397483004	8.365752494359221e-9
Prdx2	ENSMUSG00000005161	-1.03843777051661	0	4.973880046900577	10.216360867750652	ENSMUST00000127215.1	6.1125575338422e-6	1.3642071397483004	8.365752494359221e-9
Adgrg1	ENSMUSG00000031785	1.4802682556767148	0	249.8738763157126	89.56033461465707	ENSMUST00000179619.8	0	-1.03591725464371	1.6058880609722672e-7
Adgrg1	ENSMUSG00000031785	1.6114605932638564	0	2.505154826145138	0.8198541443138484	ENSMUST00000212660.1	0	-1.03591725464371	1.6058880609722672e-7
Adgrg1	ENSMUSG00000031785	1.4761477484090844	0	44.374732539131045	15.950378679182474	ENSMUST00000212799.1	0	-1.03591725464371	1.6058880609722672e-7
Adgrg1	ENSMUSG00000031785	1.2764934972714566	0	9.17680644447923	3.7881637143892046	ENSMUST00000212976.1	0	-1.03591725464371	1.6058880609722672e-7
Cfap20	ENSMUSG00000031796	-2.1194117372924257	0	1.1583762278601588	5.033338547397834	ENSMUST00000034249.7	0.0137774209052178	1.8415923610734009	6.89947749200815e-4
E2f4	ENSMUSG00000014859	-1.033020168024898	1.0203217800214507e-13	82.6714734638963	169.17092925131794	ENSMUST00000015003.9	1.66598469150768e-6	1.1293705412873187	4.830013460203433e-7
Atg4d	ENSMUSG00000002820	-1.1146605309804667	2.2601973806136348e-15	3.4238149137100136	7.41406747397272	ENSMUST00000217591.1	4.9475092994023e-4	1.037728615871929	1.0894016191070643e-5
Dock6	ENSMUSG00000032198	1.5733791872290959	0	1.093430715311718	0.367415048007608	ENSMUST00000034728.8	0.0144219132089763	-1.8080233004380861	2.3665284618017734e-5
Dock6	ENSMUSG00000032198	4.929036088100547	0	1.5323301628056576	0.05029961236958991	ENSMUST00000217310.1	0.0144219132089763	-1.8080233004380861	2.3665284618017734e-5
Epor	ENSMUSG00000006235	-2.208961735844781	0	16.21842097494646	74.98464000416665	ENSMUST00000006397.6	0.00960730206651456	2.10523109486859	5.82037176047822e-8
Epor	ENSMUSG00000006235	-1.1851227679794252	0	6.238352945486966	14.18493806101917	ENSMUST00000213181.1	0.00960730206651456	2.10523109486859	5.82037176047822e-8
Acp5	ENSMUSG00000001348	-3.1396923956043903	0	0.8897786090724807	7.8419406121085835	ENSMUST00000165735.8	8.42997737289829e-10	1.0845144321423463	1.6372108853534716e-4
Aplp2	ENSMUSG00000031996	-3.2351793073944948	0	2.3638623956775247	22.259130970323415	ENSMUST00000217641.1	9.2258846542899e-4	2.068878769264754	3.717640139561462e-8
Aplp2	ENSMUSG00000031996	-1.222942284118187	0	15.953032066789229	37.2379314950264	ENSMUST00000072634.14	9.2258846542899e-4	2.068878769264754	3.717640139561462e-8
Aplp2	ENSMUSG00000031996	-1.2676363471464323	0	1.1728560234976877	2.8238476786510613	ENSMUST00000079758.8	9.2258846542899e-4	2.068878769264754	3.717640139561462e-8
Aplp2	ENSMUSG00000031996	-3.8938352555282725	0	0.3678165585467029	5.467546518009035	ENSMUST00000216921.1	9.2258846542899e-4	2.068878769264754	3.717640139561462e-8
Aplp2	ENSMUSG00000031996	-2.3814059793834237	0	6.365535255813873	33.16725726954166	ENSMUST00000213254.1	9.2258846542899e-4	2.068878769264754	3.717640139561462e-8
Aplp2	ENSMUSG00000031996	-2.8097898488545088	0	0.15313208552746727	1.0737352805580729	ENSMUST00000214908.1	9.2258846542899e-4	2.068878769264754	3.717640139561462e-8
Arhgef12	ENSMUSG00000059495	-1.1719104261307438	0.017342012120626398	2.442434658656978	5.503046018542288	ENSMUST00000165665.8	0.00566817339699789	1.2777007413227377	8.061216343296005e-6
Arhgef12	ENSMUSG00000059495	-1.4120169490449948	0.017342012120626398	0.8569606974900756	2.280448981124625	ENSMUST00000072767.6	0.00566817339699789	1.2777007413227377	8.061216343296005e-6
Abcg4	ENSMUSG00000032131	-4.954108503926945	0	0.07545636685686052	2.3390050098359936	ENSMUST00000034648.15	0.00026778050685614003	3.4616212502179176	7.269465200602698e-7
Abcg4	ENSMUSG00000032131	-3.4766828898809816	0	1.4211418510517841	15.820611445688211	ENSMUST00000161354.8	0.00026778050685614003	3.4616212502179176	7.269465200602698e-7
Abcg4	ENSMUSG00000032131	-3.6685899455810973	0	0.12264040056050601	1.5595136333168331	ENSMUST00000161206.1	0.00026778050685614003	3.4616212502179176	7.269465200602698e-7
Abcg4	ENSMUSG00000032131	-4.47102074484255	0	0.05620863958243423	1.2465635667117132	ENSMUST00000161408.1	0.00026778050685614003	3.4616212502179176	7.269465200602698e-7
C2cd2l	ENSMUSG00000032120	-1.8373721978145305	0.02234194045380753	0.3445086450762626	1.2311310063834124	ENSMUST00000216855.1	0.0143147035324238	1.1172160882172855	4.527421263907093e-5
C2cd2l	ENSMUSG00000032120	-2.7232501771176385	0.02234194045380753	0.3104095899427577	2.0498171345485465	ENSMUST00000214915.1	0.0143147035324238	1.1172160882172855	4.527421263907093e-5
Hmbs	ENSMUSG00000032126	-4.016707839147833	0	10.678309474334789	172.8430998886012	ENSMUST00000097558.4	0	2.4372667235349095	3.717640139561462e-8
Hmbs	ENSMUSG00000032126	-2.147652836803545	0	3.359401535093724	14.885719822358272	ENSMUST00000216658.1	0	2.4372667235349095	3.717640139561462e-8
Hmbs	ENSMUSG00000032126	-5.441287478279048	0	0.04902246901453359	2.130031012614462	ENSMUST00000214012.1	0	2.4372667235349095	3.717640139561462e-8
Hmbs	ENSMUSG00000032126	-3.1057759295119998	0	0.319221244792527	2.748042856433993	ENSMUST00000215934.1	0	2.4372667235349095	3.717640139561462e-8
Hmbs	ENSMUSG00000032126	-3.798559359831915	0	2.422880262643701	33.714153490974574	ENSMUST00000215091.1	0	2.4372667235349095	3.717640139561462e-8
Cep164	ENSMUSG00000043987	-1.1428619169993635	0.018040589533582112	2.4678816544944713	5.4495425449355555	ENSMUST00000117194.7	6.5176956358226196e-06	1.0340540582933313	1.76230031355001e-5
Cep164	ENSMUSG00000043987	-1.671220819277601	0.018040589533582112	0.4454437286989344	1.4186669292830385	ENSMUST00000132430.1	6.5176956358226196e-06	1.0340540582933313	1.76230031355001e-5
Nxpe2	ENSMUSG00000032028	-4.238587948200622	0	1.723596359540128	32.53701292252708	ENSMUST00000034527.13	2.71466193414703e-6	3.711176953717167	7.72183828059557e-8
Nxpe2	ENSMUSG00000032028	-3.236087927294457	0	1.1301521472255909	10.648696497581502	ENSMUST00000135457.7	2.71466193414703e-6	3.711176953717167	7.72183828059557e-8
Nxpe2	ENSMUSG00000032028	-3.3483331272439107	0	2.0283844250269554	20.658509011063448	ENSMUST00000149185.7	2.71466193414703e-6	3.711176953717167	7.72183828059557e-8
Ppp2r1b	ENSMUSG00000032058	-1.3015120200192627	3.033411126326994e-14	36.167137256231904	89.14732008010057	ENSMUST00000114437.8	9.33898266738164e-6	1.4098211878615565	3.699132905948884e-8
Ppp2r1b	ENSMUSG00000032058	-4.310501603286545	3.033411126326994e-14	0.07923876782220232	1.5722731302569315	ENSMUST00000176414.1	9.33898266738164e-6	1.4098211878615565	3.699132905948884e-8
Nrg4	ENSMUSG00000032311	1.460858366623143	0.028793426098249555	1.0617020584270191	0.3856918585699174	ENSMUST00000139261.7	0.0254523660520474	-1.5009868575589418	0.020300821240461314
C430002N11Rik	ENSMUSG00000101581	-1.4998917548396629	0.021306702507760778	0.38388622233498704	1.0857127401727278	ENSMUST00000188819.6	0.00222832530605132	2.679020725124313	0.02821901135479216
Inhca	ENSMUSG00000033688	-4.644222476968253	0	0.30274457548677747	7.570536233715788	ENSMUST00000035163.9	3.60180237908585e-6	4.240654313250502	1.5623012831324266e-5
Ifrd2	ENSMUSG00000010048	-1.0902825564397256	0	4.026119112908952	8.5722410060017	ENSMUST00000194932.5	0.0285970266711468	1.0455105388775765	5.933482010506344e-7
Ifrd2	ENSMUSG00000010048	-2.3149549514744248	0	0.33428413693691705	1.6633615077454298	ENSMUST00000193140.1	0.0285970266711468	1.0455105388775765	5.933482010506344e-7
Klhdc8b	ENSMUSG00000032609	-2.262096551833375	5.0257277594292845e-15	1.243609628348847	5.9654469920922795	ENSMUST00000035232.12	0.0103027700744509	1.9661512983029361	2.1769193944987683e-4
Klhdc8b	ENSMUSG00000032609	-2.1292603046001064	5.0257277594292845e-15	0.7254087578868188	3.1736133531735047	ENSMUST00000193159.1	0.0103027700744509	1.9661512983029361	2.1769193944987683e-4
Slc25a38	ENSMUSG00000032519	-1.9329200060834748	0	12.317009912591079	47.02969822150462	ENSMUST00000035106.11	0	2.4567398290624416	4.664785059135322e-8
Slc25a38	ENSMUSG00000032519	-1.3334180715056918	0	0.7891972759715599	1.9887693300076383	ENSMUST00000137522.7	0	2.4567398290624416	4.664785059135322e-8
Slc25a38	ENSMUSG00000032519	-4.331693941744599	0	0.9495266961543989	19.11952013290476	ENSMUST00000135514.1	0	2.4567398290624416	4.664785059135322e-8
Slc25a38	ENSMUSG00000032519	-7.663034437461797	0	0.06473319375986959	13.11989193650761	ENSMUST00000154969.1	0	2.4567398290624416	4.664785059135322e-8
Abhd5	ENSMUSG00000032540	-1.9372350075553464	8.44163660735696e-15	2.0530437677191196	7.8625614713134055	ENSMUST00000035128.10	3.1360923591213e-4	1.4833939376027998	6.7290074109435505e-6
Stx11	ENSMUSG00000039232	-1.2406101142420787	0.006770947941582757	1.9978812318543535	4.7209622144006556	ENSMUST00000042861.6	0.00159001394465471	1.8278692839002977	2.0755319704620376e-5
Stx11	ENSMUSG00000039232	-1.8223499086928863	0.006770947941582757	0.6401494428459155	2.263931889543606	ENSMUST00000163425.8	0.00159001394465471	1.8278692839002977	2.0755319704620376e-5
Stx11	ENSMUSG00000039232	-2.3158838270455866	0.006770947941582757	0.8183849725037428	4.0748173298785435	ENSMUST00000219727.1	0.00159001394465471	1.8278692839002977	2.0755319704620376e-5
Perp	ENSMUSG00000019851	1.9595252487396688	5.0257277594292845e-15	6.125913966854766	1.575052433724544	ENSMUST00000019998.8	0.00813786938668827	-1.8478282710958218	6.51055599909357e-4
Slc16a10	ENSMUSG00000019838	-1.5484277975507081	0	6.675227382693034	19.52492063057194	ENSMUST00000092566.7	1.3488484445524e-4	1.2987846817445252	5.841228580571068e-6
Plppr3	ENSMUSG00000035835	1.1997343379526788	0	18.639522257834447	8.11481744900216	ENSMUST00000113452.8	1.7463429406098e-4	-1.2760792691108565	6.854748051907407e-7
Plppr3	ENSMUSG00000035835	2.0393377881944015	0	14.529648974341923	3.534705833651226	ENSMUST00000092325.10	1.7463429406098e-4	-1.2760792691108565	6.854748051907407e-7
Plppr3	ENSMUSG00000035835	1.5679280357912921	0	1.0820809994391412	0.3649777599653662	ENSMUST00000167897.7	1.7463429406098e-4	-1.2760792691108565	6.854748051907407e-7
Plppr3	ENSMUSG00000035835	1.9690917549603437	0	7.284845175802381	1.860649813377081	ENSMUST00000165601.7	1.7463429406098e-4	-1.2760792691108565	6.854748051907407e-7
Prtn3	ENSMUSG00000057729	1.1621469589039009	0	2.426256460912316	1.0841655691887984	ENSMUST00000163188.7	1.59884053428008e-13	-1.1340386293138014	8.092303160940855e-7
Prtn3	ENSMUSG00000057729	1.4129925278709468	0	231.43860067698586	86.91258362894739	ENSMUST00000165982.1	1.59884053428008e-13	-1.1340386293138014	8.092303160940855e-7
Prtn3	ENSMUSG00000057729	1.49380590670186	0	11.258365345129477	3.9975596443471204	ENSMUST00000164134.1	1.59884053428008e-13	-1.1340386293138014	8.092303160940855e-7
Prtn3	ENSMUSG00000057729	2.0307963933179645	0	16.464192387814578	4.029116294159986	ENSMUST00000171489.1	1.59884053428008e-13	-1.1340386293138014	8.092303160940855e-7
Sppl2b	ENSMUSG00000035206	-1.8389794738255683	0	2.978896972612638	10.657208588622122	ENSMUST00000217714.1	4.6903385811818e-4	1.412784655789534	4.629374271461177e-6
Sppl2b	ENSMUSG00000035206	-2.0172633386436676	0	0.6826658609361973	2.763534935215631	ENSMUST00000218812.1	4.6903385811818e-4	1.412784655789534	4.629374271461177e-6
Sppl2b	ENSMUSG00000035206	-2.602442209041718	0	0.17345576756636724	1.0534208550206787	ENSMUST00000218727.1	4.6903385811818e-4	1.412784655789534	4.629374271461177e-6
Sppl2b	ENSMUSG00000035206	-1.0370085271551697	0	3.3180837083559025	6.808602980974599	ENSMUST00000220091.1	4.6903385811818e-4	1.412784655789534	4.629374271461177e-6
Sppl2b	ENSMUSG00000035206	-1.5195788862397352	0	5.497165616396872	15.760777824622277	ENSMUST00000218789.1	4.6903385811818e-4	1.412784655789534	4.629374271461177e-6
Smim24	ENSMUSG00000078439	1.2276462006834015	1.6840566790056127e-14	15.329879088539858	6.546066290369589	ENSMUST00000118206.1	0.0113092213265269	-1.0705286885591554	0.0024726656392714723
Smim24	ENSMUSG00000078439	2.3186571503566276	1.6840566790056127e-14	1.143422586574903	0.22920358957727538	ENSMUST00000129083.1	0.0113092213265269	-1.0705286885591554	0.0024726656392714723
Appl2	ENSMUSG00000020263	1.2892669133194516	1.3095213237112468e-12	6.400891626195186	2.618981682183003	ENSMUST00000020500.13	0.0271799417923596	-1.08119260606736	2.373524564410147e-4
Appl2	ENSMUSG00000020263	2.579221333932088	1.3095213237112468e-12	1.0888902056631347	0.18220534147594913	ENSMUST00000130285.8	0.0271799417923596	-1.08119260606736	2.373524564410147e-4
Ntn4	ENSMUSG00000020019	-2.340385530842298	8.44163660735696e-15	1.0089222433313807	5.109565173916074	ENSMUST00000020204.4	0.0115650043295968	2.493462778278743	1.2897800838738264e-5
Lyz2	ENSMUSG00000069516	1.1339582851223426	3.800310566444662e-15	89.98126019737768	41.00120433983388	ENSMUST00000092163.8	6.7213892997956e-4	-1.015983423108433	1.6419908498218514e-6
Pik3ip1	ENSMUSG00000034614	1.3475885785258983	0	22.25375064645983	8.744573521610437	ENSMUST00000045153.10	0.0358060915527842	-1.2588686621945202	2.1325469513481298e-6
Pik3ip1	ENSMUSG00000034614	1.5664990563380126	0	1.1344998717582153	0.3830374583701155	ENSMUST00000153733.1	0.0358060915527842	-1.2588686621945202	2.1325469513481298e-6
Pik3ip1	ENSMUSG00000034614	2.1404069856155328	0	2.5117702695941864	0.5697091701942484	ENSMUST00000138907.7	0.0358060915527842	-1.2588686621945202	2.1325469513481298e-6
Ap1b1	ENSMUSG00000009090	-5.868931675692767	0	0.14910835493594565	8.714178579718007	ENSMUST00000144426.1	1.5803415955994e-4	1.1206120263670591	1.5108146362918464e-6
Ap1b1	ENSMUSG00000009090	-1.473837732861988	0	0.378361068028244	1.0509348866640043	ENSMUST00000133007.1	1.5803415955994e-4	1.1206120263670591	1.5108146362918464e-6
Emid1	ENSMUSG00000034164	1.5298012034595312	8.44163660735696e-15	10.814543041520135	3.745347545614413	ENSMUST00000062821.12	0.0293538669651857	-1.3063503458283177	1.9206961147951937e-5
Emid1	ENSMUSG00000034164	1.2729937095912416	8.44163660735696e-15	1.5020301881111098	0.6215404106886488	ENSMUST00000163299.7	0.0293538669651857	-1.3063503458283177	1.9206961147951937e-5
Septin8	ENSMUSG00000018398	-1.2639181265463415	0	17.59642609836858	42.257299356094855	ENSMUST00000108987.7	0	1.4453421718200152	4.652723224921506e-8
Septin8	ENSMUSG00000018398	-1.6911460616364227	0	7.3664384392540985	23.787196240203485	ENSMUST00000117061.7	0	1.4453421718200152	4.652723224921506e-8
Septin8	ENSMUSG00000018398	-1.5502132780409603	0	5.157086582316374	15.103065963466882	ENSMUST00000120878.8	0	1.4453421718200152	4.652723224921506e-8
Gm12216	ENSMUSG00000081769	1.5651036462699508	3.7053365277425434e-4	2.498219819921056	0.8442819522752145	ENSMUST00000117316.7	0.00835154431467128	-1.4258682772478242	0.0012287955742300244
Gm12216	ENSMUSG00000081769	1.8723499021254038	3.7053365277425434e-4	6.8670436086140345	1.875583149996502	ENSMUST00000126535.1	0.00835154431467128	-1.4258682772478242	0.0012287955742300244
Gm12216	ENSMUSG00000081769	2.020339052697556	3.7053365277425434e-4	1.9366192453737956	0.4773771057736952	ENSMUST00000121435.1	0.00835154431467128	-1.4258682772478242	0.0012287955742300244
Acsl6	ENSMUSG00000020333	-4.148359874683385	6.4032162775732775e-15	0.059903251143921823	1.0622607839431577	ENSMUST00000149403.7	0.0238003890693779	4.36677551719565	2.2476482969206996e-6
Acsl6	ENSMUSG00000020333	-4.484788877042203	6.4032162775732775e-15	0.1710893359606418	3.830706837921818	ENSMUST00000101213.8	0.0238003890693779	4.36677551719565	2.2476482969206996e-6
Acsl6	ENSMUSG00000020333	-4.377005365701596	6.4032162775732775e-15	0.08815808894937874	1.8317747720033353	ENSMUST00000094194.9	0.0238003890693779	4.36677551719565	2.2476482969206996e-6
Sparc	ENSMUSG00000018593	2.5530347611635484	0.01730501281357597	1.2135584329683613	0.20678577000806048	ENSMUST00000018737.12	0.0137360885840477	-1.3149797455858947	0.0053820267898197285
Specc1	ENSMUSG00000042331	-1.3356411932275691	0	1.6897127414092816	4.264625913517445	ENSMUST00000202178.3	0.00197181263615727	1.3278444699019651	2.0121635526962237e-6
Specc1	ENSMUSG00000042331	-1.117471185758006	0	0.7129183607698003	1.5467928149240802	ENSMUST00000049836.13	0.00197181263615727	1.3278444699019651	2.0121635526962237e-6
Specc1	ENSMUSG00000042331	-8.883256131964561	0	0.00267491708436222	1.263097511254144	ENSMUST00000201364.3	0.00197181263615727	1.3278444699019651	2.0121635526962237e-6
Specc1	ENSMUSG00000042331	-1.5919976777122113	0	1.2449106146883513	3.7529884164566667	ENSMUST00000202179.1	0.00197181263615727	1.3278444699019651	2.0121635526962237e-6
Trpv2	ENSMUSG00000018507	-2.0619861981533587	1.3646089089631816e-14	1.9029186101853566	7.9458417204053315	ENSMUST00000130569.1	0	1.0719296726816196	1.268573574946734e-6
Trpv2	ENSMUSG00000018507	-1.9948868978075185	1.3646089089631816e-14	2.2637809830668303	9.023088177447873	ENSMUST00000102643.1	0	1.0719296726816196	1.268573574946734e-6
Myh10	ENSMUSG00000020900	-2.3760373938824126	3.800310566444662e-15	5.363153931482751	27.840612684200778	ENSMUST00000102611.9	0.00653787320603692	2.616642567379178	8.365752494359221e-9
Myh10	ENSMUSG00000020900	-4.585638245044709	3.800310566444662e-15	0.14332260063371557	3.441353934477392	ENSMUST00000139059.1	0.00653787320603692	2.616642567379178	8.365752494359221e-9
Clec10a	ENSMUSG00000000318	2.2627249923704125	5.0257277594292845e-15	2.9223946619547796	0.608962810923938	ENSMUST00000000327.12	0.0268057999689907	-1.050525912538743	0.002696492164467984
Spns2	ENSMUSG00000040447	1.5016446990175156	0	103.61592347700963	36.592021696239286	ENSMUST00000045303.9	0.00820043721988363	-1.3566156023830072	1.9117011132249098e-7
Spns2	ENSMUSG00000040447	1.2911718446473321	0	4.439029456212195	1.8138717296618707	ENSMUST00000129274.7	0.00820043721988363	-1.3566156023830072	1.9117011132249098e-7
Spns2	ENSMUSG00000040447	2.811686943029765	0	6.957555895100583	0.9909565115638348	ENSMUST00000150491.1	0.00820043721988363	-1.3566156023830072	1.9117011132249098e-7
Spns2	ENSMUSG00000040447	-4.701923511595099	0	0.0657181734564787	1.7104307617727108	ENSMUST00000126452.1	0.00820043721988363	-1.3566156023830072	1.9117011132249098e-7
Spns3	ENSMUSG00000020798	1.1277037890511592	0	1.872208363268356	0.8568040569466204	ENSMUST00000155774.1	0.0333816861080922	-1.3571551422811483	1.4502381074379583e-6
Spns3	ENSMUSG00000020798	1.4243866174178215	0	34.51391231158428	12.859115409800653	ENSMUST00000092940.12	0.0333816861080922	-1.3571551422811483	1.4502381074379583e-6
Wdr81	ENSMUSG00000045374	-2.1204022838129997	8.44163660735696e-15	1.1587556480233503	5.038445373199766	ENSMUST00000132442.1	9.96024103173522e-13	1.0527587033703831	2.2695744879867592e-6
Dhrs11	ENSMUSG00000034449	-1.0809972887235535	0	16.89925405384408	35.7503373336132	ENSMUST00000047560.7	0.0293474357511479	1.2741443518746332	5.093526949610105e-6
Dhrs11	ENSMUSG00000034449	-1.518769132278458	0	2.8468725761542806	8.157612921261077	ENSMUST00000151496.1	0.0293474357511479	1.2741443518746332	5.093526949610105e-6
Mpo	ENSMUSG00000009350	1.4302645541991534	0	50.2330424526334	18.639615533478178	ENSMUST00000020779.10	5.181089647624e-4	-1.1169896751995143	4.966499386043516e-8
Mpo	ENSMUSG00000009350	1.311507159056676	0	4.31014440649281	1.736556134580497	ENSMUST00000143021.8	5.181089647624e-4	-1.1169896751995143	4.966499386043516e-8
Mpo	ENSMUSG00000009350	1.2571549242847475	0	215.53818663859613	90.17432152045808	ENSMUST00000121303.7	5.181089647624e-4	-1.1169896751995143	4.966499386043516e-8
Mpo	ENSMUSG00000009350	1.9970554179511226	0	1.1671167266647575	0.29237531952349605	ENSMUST00000107930.2	5.181089647624e-4	-1.1169896751995143	4.966499386043516e-8
Mpo	ENSMUSG00000009350	1.4879684060062959	0	4.515062891614315	1.6096842002909884	ENSMUST00000167903.1	5.181089647624e-4	-1.1169896751995143	4.966499386043516e-8
Samd14	ENSMUSG00000047181	-1.3805659533182746	2.2601973806136348e-15	19.765325496021518	51.46307514504073	ENSMUST00000055947.9	0.0471969077379234	1.571106814310812	6.400626970129998e-8
Samd14	ENSMUSG00000047181	-2.2971077107901725	2.2601973806136348e-15	1.3751136658727576	6.758291537459146	ENSMUST00000128512.1	0.0471969077379234	1.571106814310812	6.400626970129998e-8
Igfbp4	ENSMUSG00000017493	1.1818085555705975	0	82.7977338474181	36.4971225695067	ENSMUST00000017637.12	0.00647609243820315	-1.2815215962530173	5.481541578710496e-8
Igfbp4	ENSMUSG00000017493	1.6332815065480506	0	87.22078898426655	28.11598390768617	ENSMUST00000130530.7	0.00647609243820315	-1.2815215962530173	5.481541578710496e-8
Mpp2	ENSMUSG00000017314	-2.082855240546643	0.0013994961718820787	0.8471958194057423	3.589101232853142	ENSMUST00000017458.10	0.00129655763278404	1.8977455224178816	2.343750416533656e-5
Slc4a1	ENSMUSG00000006574	-4.152856700867527	0	2.0193726648305184	35.92120589973826	ENSMUST00000006749.9	0.0269186640573951	4.268510508615515	1.67969365234286e-8
Hexim2	ENSMUSG00000043372	-2.0676987101642634	0.003512831244053329	0.5284421559043049	2.2153216379671115	ENSMUST00000107037.7	0.00524027751162417	2.0771418476725962	2.749077998995644e-4
Hexim2	ENSMUSG00000043372	-3.1867340321091864	0.003512831244053329	0.16868422922347817	1.5359497688180257	ENSMUST00000124928.1	0.00524027751162417	2.0771418476725962	2.749077998995644e-4
Arsg	ENSMUSG00000020604	-2.351215683633396	0.044798736414825645	0.20250604602054956	1.033295269326795	ENSMUST00000106696.1	0.01599524264655	1.2197186707177394	0.002554818039601402
Lpin1	ENSMUSG00000020593	-1.246616643383144	0	1.8046167823841923	4.282072288256506	ENSMUST00000111067.9	0.0319607581912119	1.3679930511804823	1.5916448961940967e-6
Lpin1	ENSMUSG00000020593	-1.4976512386121967	0	2.6350998785094535	7.441063776516291	ENSMUST00000221230.1	0.0319607581912119	1.3679930511804823	1.5916448961940967e-6
Lpin1	ENSMUSG00000020593	-2.0122263767754056	0	0.6648075663228425	2.681862150612397	ENSMUST00000222989.1	0.0319607581912119	1.3679930511804823	1.5916448961940967e-6
Rrm2	ENSMUSG00000020649	-1.2842032910033563	1.2585008703628494e-14	1.2677151170753511	3.0874887249867227	ENSMUST00000147789.1	0.0481504866677672	1.0351697672130582	3.520339515741106e-7
Mboat2	ENSMUSG00000020646	-2.3962134862744886	3.800310566444662e-15	0.3064095429198239	1.6130002041845017	ENSMUST00000221952.1	0.00115019846025005	2.3204018193132767	8.694323244753052e-7
Mboat2	ENSMUSG00000020646	-2.4924720726807585	3.800310566444662e-15	1.4671935305035135	8.256505234421194	ENSMUST00000110942.10	0.00115019846025005	2.3204018193132767	8.694323244753052e-7
Mboat2	ENSMUSG00000020646	-7.455471700837458	3.800310566444662e-15	0.005727205299062571	1.0052251945025923	ENSMUST00000222994.1	0.00115019846025005	2.3204018193132767	8.694323244753052e-7
Rdh12	ENSMUSG00000021123	1.554491277742802	0.005878029457090234	4.018309070359685	1.368027523486194	ENSMUST00000021548.11	0.0239002560598535	-1.252266829081586	0.002085084586630763
Serpina3g	ENSMUSG00000041481	2.090933817173749	0	50.6916959008058	11.898796114274653	ENSMUST00000171065.7	6.491334110049e-9	-1.6087717668729447	1.1868378254502021e-8
Serpina3g	ENSMUSG00000041481	1.6733669614283464	0	400.2153652470531	125.47583923432111	ENSMUST00000043315.13	6.491334110049e-9	-1.6087717668729447	1.1868378254502021e-8
Serpina3g	ENSMUSG00000041481	2.221453901946069	0	26.298183805755627	5.638992253603654	ENSMUST00000171916.7	6.491334110049e-9	-1.6087717668729447	1.1868378254502021e-8
Serpina3g	ENSMUSG00000041481	1.681069201760595	0	158.72826978568298	49.49963855541259	ENSMUST00000170628.1	6.491334110049e-9	-1.6087717668729447	1.1868378254502021e-8
Glrx5	ENSMUSG00000021102	-1.597509545583956	6.4032162775732775e-15	3.3550254639309705	10.152993597115845	ENSMUST00000223244.1	1.1695433895176e-4	1.5688955190704021	3.576888015675431e-8
Glrx5	ENSMUSG00000021102	-1.4686337034180752	6.4032162775732775e-15	29.68562827145251	82.1578455702359	ENSMUST00000021522.4	1.1695433895176e-4	1.5688955190704021	3.576888015675431e-8
Glrx5	ENSMUSG00000021102	-1.4092698870035203	6.4032162775732775e-15	23.717065472413093	62.99316950590375	ENSMUST00000220494.1	1.1695433895176e-4	1.5688955190704021	3.576888015675431e-8
Jag2	ENSMUSG00000002799	1.7131493865069467	1.3646089089631816e-14	6.257883333111007	1.9086140208126143	ENSMUST00000075827.4	0.0267079346153044	-1.5506540671315925	1.2303960555240648e-4
Jag2	ENSMUSG00000002799	3.2532785502725896	1.3646089089631816e-14	2.150254113959225	0.2255045761261331	ENSMUST00000221454.1	0.0267079346153044	-1.5506540671315925	1.2303960555240648e-4
Ighm	ENSMUSG00000076617	-1.2126037844955893	0	1077.029368983313	2496.0751579521466	ENSMUST00000103426.2	0	1.3091375529112224	1.4383244873810684e-9
Mboat1	ENSMUSG00000038732	1.4735763637719022	0.002714975143524764	1.1304059629388306	0.4070462455989192	ENSMUST00000153269.2	0.00813741908915251	-1.4413976131045843	1.7967210384668141e-4
Mboat1	ENSMUSG00000038732	1.5072189416874717	0.002714975143524764	5.683967819402917	1.9995556656268474	ENSMUST00000047311.15	0.00813741908915251	-1.4413976131045843	1.7967210384668141e-4
Slc22a23	ENSMUSG00000038267	-2.85414409320978	0	0.9392428324545168	6.791424445971178	ENSMUST00000148390.2	0.0495613516589812	2.9385987797631814	1.6847331317590209e-6
Slc22a23	ENSMUSG00000038267	-2.5636420403765867	0	0.710145022336917	4.198365064975973	ENSMUST00000040336.11	0.0495613516589812	2.9385987797631814	1.6847331317590209e-6
Gcnt2	ENSMUSG00000021360	1.468793836240212	0	16.351588476516852	5.907570953390813	ENSMUST00000110191.9	0.00240085080419547	-1.6906935271629902	8.90159053353923e-8
Gcnt2	ENSMUSG00000021360	2.0754677079530857	0	19.28306119845919	4.575072119011718	ENSMUST00000069958.14	0.00240085080419547	-1.6906935271629902	8.90159053353923e-8
Gcnt2	ENSMUSG00000021360	1.8793209974556646	0	10.481149942676534	2.848898275304304	ENSMUST00000067778.7	0.00240085080419547	-1.6906935271629902	8.90159053353923e-8
Macroh2a1	ENSMUSG00000015937	1.1606572783215166	0	529.0691245116147	236.65722197215726	ENSMUST00000016081.12	0.0280013368307106	-1.0090299423910416	4.664785059135322e-8
Macroh2a1	ENSMUSG00000015937	1.1907985774375207	0	49.973133063052764	21.891246324473798	ENSMUST00000045788.8	0.0280013368307106	-1.0090299423910416	4.664785059135322e-8
Macroh2a1	ENSMUSG00000015937	1.1352857251437936	0	15.512019072553866	7.061765195620151	ENSMUST00000141589.1	0.0280013368307106	-1.0090299423910416	4.664785059135322e-8
Macroh2a1	ENSMUSG00000015937	1.1225947742319211	0	372.03999235610786	170.86571441167354	ENSMUST00000139511.7	0.0280013368307106	-1.0090299423910416	4.664785059135322e-8
Macroh2a1	ENSMUSG00000015937	1.4708118524309308	0	6.994616418360495	2.5235122506708834	ENSMUST00000154778.7	0.0280013368307106	-1.0090299423910416	4.664785059135322e-8
Lpcat1	ENSMUSG00000021608	-3.0364035718324303	0	0.16151555069699475	1.3251434570489122	ENSMUST00000123766.7	0.0423490732053377	1.0125086803832355	2.9319613431650902e-5
Lpcat1	ENSMUSG00000021608	-1.664898905377067	0	0.828602474010619	2.627427468440911	ENSMUST00000140431.1	0.0423490732053377	1.0125086803832355	2.9319613431650902e-5
Rfesd	ENSMUSG00000043190	-1.0990937425139873	8.44163660735696e-15	2.2068168810364446	4.727444968369102	ENSMUST00000050997.1	0	2.1401168375325774	1.796416734208166e-6
Rfesd	ENSMUSG00000043190	1.1717811721157556	8.44163660735696e-15	2.683680646896373	1.191213353354902	ENSMUST00000179078.8	0	2.1401168375325774	1.796416734208166e-6
Rfesd	ENSMUSG00000043190	-2.3834608038632834	8.44163660735696e-15	12.147524386608408	63.38419442103813	ENSMUST00000167271.8	0	2.1401168375325774	1.796416734208166e-6
Ccdc125	ENSMUSG00000048924	1.3336061093506153	0.008860399546887561	1.2770558069420253	0.5067041192450198	ENSMUST00000170347.3	0.0104948905428414	-1.1428190036674852	5.85522400768575e-4
Ccdc125	ENSMUSG00000048924	1.2402934939536465	0.008860399546887561	4.646227777611605	1.9666856630043457	ENSMUST00000057325.14	0.0104948905428414	-1.1428190036674852	5.85522400768575e-4
Mier3	ENSMUSG00000032727	-5.142192587960395	8.44163660735696e-15	0.04194820381183692	1.4813837688342113	ENSMUST00000231979.1	0.0153245258502207	1.2262238499345761	1.5272435897325524e-6
Mier3	ENSMUSG00000032727	-1.1069893876471555	8.44163660735696e-15	0.9479244184996125	2.0417883494775957	ENSMUST00000109271.2	0.0153245258502207	1.2262238499345761	1.5272435897325524e-6
Slc38a9	ENSMUSG00000047789	-2.2718546374702933	0.014606765320156007	0.21229044910673595	1.0252430819523053	ENSMUST00000225367.1	0.0191931231522572	1.100751370765079	8.075694345701115e-6
Slc38a9	ENSMUSG00000047789	-1.5628125652889526	0.014606765320156007	0.8305699301131811	2.4537463334024068	ENSMUST00000223839.1	0.0191931231522572	1.100751370765079	8.075694345701115e-6
Parp8	ENSMUSG00000021725	1.9475151912837878	0	8.188005300991243	2.1228417756311897	ENSMUST00000022239.7	0.0485987325349257	-1.3650242646278832	1.5062133496650474e-6
Parp8	ENSMUSG00000021725	1.3746067628102552	0	18.987850601857374	7.322812903615478	ENSMUST00000223949.1	0.0485987325349257	-1.3650242646278832	1.5062133496650474e-6
Flnb	ENSMUSG00000025278	1.3871652883802634	1.3646089089631816e-14	8.393670351609	3.209028308298082	ENSMUST00000052678.8	0.0100448225453468	-1.2750113065730897	2.0120291639942972e-6
Gm26782	ENSMUSG00000097431	1.3002227850123205	0.016515911543551434	1.149584126768257	0.4668041401203729	ENSMUST00000227351.1	0.0211821160821682	-1.2246755439895431	0.006620316305924486
Gm26782	ENSMUSG00000097431	1.5220092041067956	0.016515911543551434	3.0385623652895046	1.0580293867378925	ENSMUST00000181482.1	0.0211821160821682	-1.2246755439895431	0.006620316305924486
Mcpt8	ENSMUSG00000022157	1.126392442872588	0	24.404968282030147	11.178932539616273	ENSMUST00000015594.8	0.0384679047710556	-1.0121274522178214	3.7280675926103896e-4
Dmtn	ENSMUSG00000022099	-9.047399071731048	0	0.0032127472036065103	1.699867448902946	ENSMUST00000110984.3	0.0076869373448215	4.191587424114918	9.534168729665234e-7
Dmtn	ENSMUSG00000022099	-3.3649457226995314	0	0.4132231183165711	4.257299531941688	ENSMUST00000228009.1	0.0076869373448215	4.191587424114918	9.534168729665234e-7
Dmtn	ENSMUSG00000022099	-4.76246361083137	0	0.13173227494162712	3.5754984328657766	ENSMUST00000228824.1	0.0076869373448215	4.191587424114918	9.534168729665234e-7
Asap1	ENSMUSG00000022377	-1.0424277451178967	3.800310566444662e-15	15.366035374791023	31.64928099820178	ENSMUST00000177083.7	0.02016938144552	1.0488111345037012	1.7472848419981431e-6
Asap1	ENSMUSG00000022377	-1.368777482212119	3.800310566444662e-15	1.8521500312022723	4.783207736047505	ENSMUST00000175799.7	0.02016938144552	1.0488111345037012	1.7472848419981431e-6
Mfng	ENSMUSG00000018169	1.3234867340311844	0	60.34048608958744	24.11013258478731	ENSMUST00000018313.5	0.0319402261519124	-1.2041119939263618	7.931055926102806e-7
Mfng	ENSMUSG00000018169	1.1997705455746839	0	2.989778848388335	1.3015838251313219	ENSMUST00000123518.7	0.0319402261519124	-1.2041119939263618	7.931055926102806e-7
Mfng	ENSMUSG00000018169	1.39458002975574	0	3.0493909934673082	1.1598523130983605	ENSMUST00000136795.1	0.0319402261519124	-1.2041119939263618	7.931055926102806e-7
Pacsin2	ENSMUSG00000016664	-4.17159499466494	0	1.2680954814522534	22.85215590002226	ENSMUST00000165095.8	0	1.079800153742954	5.502829334191328e-7
Pacsin2	ENSMUSG00000016664	-2.2622717280158335	0	1.0060526439347277	4.826500496605843	ENSMUST00000230030.1	0	1.079800153742954	5.502829334191328e-7
Pacsin2	ENSMUSG00000016664	-7.250473148229256	0	0.026856368139573802	4.089377299408564	ENSMUST00000230816.1	0	1.079800153742954	5.502829334191328e-7
Ttll12	ENSMUSG00000016757	-1.4560088923317913	1.053328060954504e-13	22.03807466975443	60.46109394447117	ENSMUST00000016901.4	0.0123185631736241	1.556330489676137	6.341321183771894e-8
Cimap1b	ENSMUSG00000047394	1.8977537785404437	0.01538892436417152	2.221812188715216	0.5962474479969765	ENSMUST00000227203.1	4.51238701598506e-5	-1.3270180384683792	0.003025706935589981
Cimap1b	ENSMUSG00000047394	2.4396918561231016	0.01538892436417152	1.8775187573073493	0.3460699224540168	ENSMUST00000227834.1	4.51238701598506e-5	-1.3270180384683792	0.003025706935589981
Cimap1b	ENSMUSG00000047394	1.5062690262220624	0.01538892436417152	2.1442004082820167	0.7548023018788861	ENSMUST00000226267.1	4.51238701598506e-5	-1.3270180384683792	0.003025706935589981
Cimap1b	ENSMUSG00000047394	1.3490862126135221	0.01538892436417152	2.6323078029606872	1.0332876874725434	ENSMUST00000227854.1	4.51238701598506e-5	-1.3270180384683792	0.003025706935589981
Bin2	ENSMUSG00000098112	1.1789912366234403	1.4763400344704995e-14	131.05602842018175	57.88223283900831	ENSMUST00000183211.7	1.2102350591707e-4	-1.0572574751396173	2.5546488231076486e-7
Bin2	ENSMUSG00000098112	1.0497753582725793	1.4763400344704995e-14	5.7241732315365965	2.765023946452552	ENSMUST00000183193.1	1.2102350591707e-4	-1.0572574751396173	2.5546488231076486e-7
Cela1	ENSMUSG00000023031	-6.682115111374114	0	0.027031218007391816	2.7757650176294293	ENSMUST00000230572.1	1.08412235689657e-7	2.5792577229349254	1.610599799344108e-5
Cela1	ENSMUSG00000023031	-2.8419400005749993	0	6.157810324748454	44.150486502993985	ENSMUST00000023775.8	1.08412235689657e-7	2.5792577229349254	1.610599799344108e-5
Cela1	ENSMUSG00000023031	-2.1368742070730846	0	1.5418188444324608	6.781044317161367	ENSMUST00000230740.1	1.08412235689657e-7	2.5792577229349254	1.610599799344108e-5
Cela1	ENSMUSG00000023031	-2.372657590168084	0	0.545605979812709	2.8256620937678023	ENSMUST00000229888.1	1.08412235689657e-7	2.5792577229349254	1.610599799344108e-5
Ccdc74a	ENSMUSG00000041617	-2.180543902114001	0	0.24765968836807256	1.1227018635190478	ENSMUST00000182822.7	8.8980712334234e-4	3.0213521578767413	4.608964298758436e-4
Ccdc74a	ENSMUSG00000041617	-5.4171450263962715	0	0.03245309323062072	1.386689545092093	ENSMUST00000183101.1	8.8980712334234e-4	3.0213521578767413	4.608964298758436e-4
Ccdc74a	ENSMUSG00000041617	-3.980281177879996	0	0.10603924148483881	1.673596034750664	ENSMUST00000182344.7	8.8980712334234e-4	3.0213521578767413	4.608964298758436e-4
Txnrd2	ENSMUSG00000075704	-4.0900740706493535	0	0.06829508080820948	1.1631196771247312	ENSMUST00000205679.1	2.35127529407227e-5	1.6710675873095884	5.92786243190429e-7
Txnrd2	ENSMUSG00000075704	-1.9180049674207487	0	0.883806372427149	3.339905320447614	ENSMUST00000206606.1	2.35127529407227e-5	1.6710675873095884	5.92786243190429e-7
Txnrd2	ENSMUSG00000075704	-1.9289554644589022	0	0.3137694237493035	1.1947693563626984	ENSMUST00000206151.1	2.35127529407227e-5	1.6710675873095884	5.92786243190429e-7
Txnrd2	ENSMUSG00000075704	-1.3227191052356098	0	2.121568495356742	5.306830104668823	ENSMUST00000131303.7	2.35127529407227e-5	1.6710675873095884	5.92786243190429e-7
Txnrd2	ENSMUSG00000075704	-2.7431648878225943	0	3.4614381476161613	23.175626861281444	ENSMUST00000144233.2	2.35127529407227e-5	1.6710675873095884	5.92786243190429e-7
Clcn2	ENSMUSG00000022843	-2.5785306540545623	0	1.274760730080681	7.614541322887563	ENSMUST00000007207.14	3.6586716831759204e-9	2.8374052581277494	7.038078051467284e-7
Clcn2	ENSMUSG00000022843	-2.6661198663855057	0	0.5023941519993187	3.1887951974123276	ENSMUST00000153075.7	3.6586716831759204e-9	2.8374052581277494	7.038078051467284e-7
Clcn2	ENSMUSG00000022843	-3.395899498815355	0	0.3751457860072201	3.948823147560197	ENSMUST00000144400.7	3.6586716831759204e-9	2.8374052581277494	7.038078051467284e-7
Clcn2	ENSMUSG00000022843	-3.7436087646583385	0	0.07853540989325217	1.051971671672206	ENSMUST00000123417.1	3.6586716831759204e-9	2.8374052581277494	7.038078051467284e-7
Etv5	ENSMUSG00000013089	1.1739333918426396	5.0257277594292845e-15	21.03818149907735	9.324360021392659	ENSMUST00000079601.12	0.00426023610989572	-1.0746525682065338	2.8164306917680263e-6
Tfrc	ENSMUSG00000022797	-2.0984566101081916	0	37.528687094332454	160.71697720998918	ENSMUST00000023486.14	5.44597013070088e-8	1.9762738568655989	1.909306304631827e-9
Tfrc	ENSMUSG00000022797	-1.4388984904913165	0	6.7311229337327205	18.249002417358252	ENSMUST00000120680.1	5.44597013070088e-8	1.9762738568655989	1.909306304631827e-9
Tfrc	ENSMUSG00000022797	-1.3183472059121644	0	4.376143105205478	10.913236558400019	ENSMUST00000137901.1	5.44597013070088e-8	1.9762738568655989	1.909306304631827e-9
Tfrc	ENSMUSG00000022797	-1.5639324880148324	0	0.5961899141382659	1.762687053753848	ENSMUST00000155929.1	5.44597013070088e-8	1.9762738568655989	1.909306304631827e-9
Tfrc	ENSMUSG00000022797	-1.2135095117628218	0	9.5677089819068	22.187620043586676	ENSMUST00000128285.1	5.44597013070088e-8	1.9762738568655989	1.909306304631827e-9
St3gal6	ENSMUSG00000022747	-2.0064264233720097	1.0513165708499087e-14	0.3492183787756001	1.403109707561749	ENSMUST00000137035.7	3.76882439376342e-7	3.206254572979495	4.92862337626997e-7
St3gal6	ENSMUSG00000022747	-2.9047127848374763	1.0513165708499087e-14	1.315675669211962	9.85268323477222	ENSMUST00000114358.8	3.76882439376342e-7	3.206254572979495	4.92862337626997e-7
St3gal6	ENSMUSG00000022747	-2.0406216617957873	1.0513165708499087e-14	0.8625060324677515	3.5485462604808578	ENSMUST00000114357.9	3.76882439376342e-7	3.206254572979495	4.92862337626997e-7
St3gal6	ENSMUSG00000022747	-4.995506987588603	1.0513165708499087e-14	0.5444433515601189	17.368013404251464	ENSMUST00000148061.1	3.76882439376342e-7	3.206254572979495	4.92862337626997e-7
Abca3	ENSMUSG00000024130	-1.9567091728514934	3.800310566444662e-15	6.359014309774034	24.684137452743222	ENSMUST00000039013.14	0.00421193146488115	1.8543649768748747	5.340625169415514e-8
Abca3	ENSMUSG00000024130	-1.2046645800750693	3.800310566444662e-15	3.3192057887740027	7.650227540569049	ENSMUST00000079594.11	0.00421193146488115	1.8543649768748747	5.340625169415514e-8
Pgp	ENSMUSG00000043445	-1.0119881323991275	2.012348321684081e-14	4.8134051718619215	9.70713799171049	ENSMUST00000234216.1	4.26739859194396e-12	1.0971330252660918	4.951917372755604e-7
Pdia2	ENSMUSG00000024184	-5.01526183398436	0	0.3222600688598831	10.42199219757714	ENSMUST00000039113.13	0.0404970046450043	3.9251236056729315	5.5501170532503655e-5
Neurl1b	ENSMUSG00000034413	1.5244387633723142	0.014661525931348396	1.5580470300320872	0.541600140689226	ENSMUST00000053020.7	0.0152770709551607	-1.1006130587111056	0.0023259296358132888
Tmprss3	ENSMUSG00000024034	1.315988490324125	0.01729583069839528	2.2841204646376108	0.9174174475915325	ENSMUST00000024833.12	0.00331003067023997	-1.3180176458919315	5.476121861159873e-4
Slc29a1	ENSMUSG00000023942	-1.5433551690745588	0	1.0741291376671414	3.130781058310532	ENSMUST00000163492.7	0.0280125140340754	1.2991984636451326	1.0890192182271944e-7
Slc29a1	ENSMUSG00000023942	-1.0475940745309946	0	29.45155756497019	60.878719264600704	ENSMUST00000064889.12	0.0280125140340754	1.2991984636451326	1.0890192182271944e-7
Slc29a1	ENSMUSG00000023942	-1.805083612408827	0	8.028032662062214	28.05391280163898	ENSMUST00000051574.12	0.0280125140340754	1.2991984636451326	1.0890192182271944e-7
Slc29a1	ENSMUSG00000023942	-1.2125817060534205	0	12.493153752716161	28.95313201554696	ENSMUST00000164217.7	0.0280125140340754	1.2991984636451326	1.0890192182271944e-7
Slc29a1	ENSMUSG00000023942	-1.3927589420861255	0	0.8555163237243889	2.2464177334711355	ENSMUST00000171876.7	0.0280125140340754	1.2991984636451326	1.0890192182271944e-7
Slc29a1	ENSMUSG00000023942	-2.051238185383057	0	0.2708040401696421	1.1223785583010688	ENSMUST00000163905.7	0.0280125140340754	1.2991984636451326	1.0890192182271944e-7
Slc29a1	ENSMUSG00000023942	-2.756919354904135	0	0.9555821010973793	6.459269840619499	ENSMUST00000167195.7	0.0280125140340754	1.2991984636451326	1.0890192182271944e-7
Slc29a1	ENSMUSG00000023942	-3.2637941365630248	0	0.16332191410630337	1.5687162521019422	ENSMUST00000170488.7	0.0280125140340754	1.2991984636451326	1.0890192182271944e-7
Cul7	ENSMUSG00000038545	1.1716809917195816	5.0257277594292845e-15	12.566832626864075	5.5784649286564605	ENSMUST00000043464.13	0.0293213949171088	-1.0532760461504251	8.934163372380522e-6
Cul7	ENSMUSG00000038545	1.567462827662213	5.0257277594292845e-15	4.045564967708699	1.3649786285349417	ENSMUST00000125949.1	0.0293213949171088	-1.0532760461504251	8.934163372380522e-6
Dennd1c	ENSMUSG00000002668	1.181838638679934	1.6840566790056127e-14	2.285177632437024	1.0072820254608612	ENSMUST00000233564.1	1.8580667708603e-4	-1.2504891846635142	2.5411171616881446e-5
Dennd1c	ENSMUSG00000002668	1.3930803422713138	1.6840566790056127e-14	9.294316270952235	3.5388200349789214	ENSMUST00000011623.8	1.8580667708603e-4	-1.2504891846635142	2.5411171616881446e-5
Dennd1c	ENSMUSG00000002668	1.3942330983593478	1.6840566790056127e-14	1.03723496012518	0.39461279495041024	ENSMUST00000233234.1	1.8580667708603e-4	-1.2504891846635142	2.5411171616881446e-5
Dennd1c	ENSMUSG00000002668	2.5309493548539592	1.6840566790056127e-14	1.6570651761168609	0.2867133513888242	ENSMUST00000232938.1	1.8580667708603e-4	-1.2504891846635142	2.5411171616881446e-5
Eml4	ENSMUSG00000032624	1.4064964140192102	0	23.270264791895528	8.778164512221593	ENSMUST00000096766.11	0.0191951406099838	-1.1816777613459983	5.217610348328666e-7
Eml4	ENSMUSG00000032624	2.4387142020489847	0	2.0167297136184814	0.3719816970103634	ENSMUST00000112363.9	0.0191951406099838	-1.1816777613459983	5.217610348328666e-7
Pkd2l2	ENSMUSG00000014503	-2.055537980367824	0.0055124336708656605	0.5228038492629865	2.1732884194284003	ENSMUST00000235732.1	0	1.14301551170573	2.591964393806722e-4
Sh3tc2	ENSMUSG00000045629	-4.648214093809032	0.0034604453158004838	0.10356770986545667	2.5970256649986356	ENSMUST00000051720.5	0.0477230035702122	4.051161396181784	2.63772255606298e-5
Fech	ENSMUSG00000024588	-1.8067844450965205	0	1.0764143931849806	3.7659609284783633	ENSMUST00000236586.1	0.00827469181832801	1.8534873207211913	1.123233536278598e-7
Fech	ENSMUSG00000024588	-2.3428276203909455	0	7.816174472941956	39.651135931616025	ENSMUST00000025484.8	0.00827469181832801	1.8534873207211913	1.123233536278598e-7
Fech	ENSMUSG00000024588	-1.7055276282059133	0	5.326969709595463	17.37381536289235	ENSMUST00000237502.1	0.00827469181832801	1.8534873207211913	1.123233536278598e-7
Fech	ENSMUSG00000024588	-1.5665402665389145	0	0.5628154947865773	1.6670232426416867	ENSMUST00000235338.1	0.00827469181832801	1.8534873207211913	1.123233536278598e-7
Fech	ENSMUSG00000024588	-1.3369342519335405	0	4.100246431437167	10.35779404826404	ENSMUST00000237358.1	0.00827469181832801	1.8534873207211913	1.123233536278598e-7
Fech	ENSMUSG00000024588	-1.1820418642333785	0	0.5252804566940477	1.1918491751198066	ENSMUST00000235843.1	0.00827469181832801	1.8534873207211913	1.123233536278598e-7
Mc2r	ENSMUSG00000045569	-2.6198408983632175	0.006622810211063122	0.222723323568442	1.369040805834856	ENSMUST00000052347.7	0.035634879210284	2.6528789197618368	0.002287233128305697
Slc66a2	ENSMUSG00000034006	-1.9519924613901518	7.549939599086188e-15	0.3333335561484548	1.2896958957628477	ENSMUST00000144468.7	9.02046458835474e-6	1.1451838286137823	3.7157169172523397e-6
Slc66a2	ENSMUSG00000034006	-1.0385775866110447	7.549939599086188e-15	1.2017669173080325	2.46867120173281	ENSMUST00000091798.9	9.02046458835474e-6	1.1451838286137823	3.7157169172523397e-6
Slc66a2	ENSMUSG00000034006	-2.8308901358624863	7.549939599086188e-15	0.33901382586468637	2.4121274754250845	ENSMUST00000140594.7	9.02046458835474e-6	1.1451838286137823	3.7157169172523397e-6
Slc66a2	ENSMUSG00000034006	-3.570515521050564	7.549939599086188e-15	0.8158667190188853	9.692849945350325	ENSMUST00000070135.7	9.02046458835474e-6	1.1451838286137823	3.7157169172523397e-6
Rab3il1	ENSMUSG00000024663	-3.7270191331649207	8.44163660735696e-15	0.7267557864801212	9.623500026284617	ENSMUST00000149967.7	2.66662816713275e-11	1.8662894730215207	2.656930742033107e-6
Rab3il1	ENSMUSG00000024663	-1.0865324410389232	8.44163660735696e-15	3.4605540954592158	7.348936563637415	ENSMUST00000117641.7	2.66662816713275e-11	1.8662894730215207	2.656930742033107e-6
Gna14	ENSMUSG00000024697	-7.795992605630769	0	0.01157485731766309	2.5724282274267556	ENSMUST00000237350.1	1.4629741088681e-4	1.4531020295653732	6.874070712842859e-4
Gda	ENSMUSG00000058624	-1.4077256344847755	5.0257277594292845e-15	4.743163601822941	12.584493660006363	ENSMUST00000087600.9	0.00371052758089172	1.800553504512834	1.1231659586158498e-6
Gda	ENSMUSG00000058624	-2.3479492514682896	5.0257277594292845e-15	1.0586435369565417	5.389554940997593	ENSMUST00000121725.7	0.00371052758089172	1.800553504512834	1.1231659586158498e-6
Smarca2	ENSMUSG00000024921	1.1724274968867092	6.4032162775732775e-15	12.095391732941707	5.366413013640621	ENSMUST00000176030.7	5.25575197694991e-5	-1.115235053610669	7.63101372750903e-7
Smarca2	ENSMUSG00000024921	1.7608096535747098	6.4032162775732775e-15	4.76611870546197	1.406398298632245	ENSMUST00000175935.7	5.25575197694991e-5	-1.115235053610669	7.63101372750903e-7
Smarca2	ENSMUSG00000024921	1.366636230503786	6.4032162775732775e-15	8.956623404554147	3.4733281445524575	ENSMUST00000208674.1	5.25575197694991e-5	-1.115235053610669	7.63101372750903e-7
Smarca2	ENSMUSG00000024921	1.3870717094576634	6.4032162775732775e-15	4.828669474669118	1.8461937993878272	ENSMUST00000175791.8	5.25575197694991e-5	-1.115235053610669	7.63101372750903e-7
Smarca2	ENSMUSG00000024921	3.3761834388309695	6.4032162775732775e-15	6.253469752712535	0.6022663067092744	ENSMUST00000209085.1	5.25575197694991e-5	-1.115235053610669	7.63101372750903e-7
Xpnpep1	ENSMUSG00000025027	-1.175386664986866	6.4032162775732775e-15	6.754192057861054	15.254572750948796	ENSMUST00000236456.1	0.00930703388665487	1.0194458773969277	2.574202507634803e-7
Xpnpep1	ENSMUSG00000025027	-2.2566816652101673	6.4032162775732775e-15	0.6691381617911056	3.1977512018915344	ENSMUST00000237294.1	0.00930703388665487	1.0194458773969277	2.574202507634803e-7
Xpnpep1	ENSMUSG00000025027	-1.242869737437151	6.4032162775732775e-15	1.2768286418557127	3.021855462557106	ENSMUST00000182097.1	0.00930703388665487	1.0194458773969277	2.574202507634803e-7
Ablim1	ENSMUSG00000025085	1.4953611668150386	0	15.241734709280212	5.406121881255611	ENSMUST00000111529.7	0.00985091036295769	-1.4367720489800648	1.794718980960709e-5
Slc18a2	ENSMUSG00000025094	1.3182986889981343	1.2585008703628494e-14	21.51246990223231	8.626662888829392	ENSMUST00000026084.4	0.0319049377761124	-1.1504062112065574	2.2476482969206996e-6
Shroom4	ENSMUSG00000068270	1.6772736889912219	0.020966712299946722	1.0449700865099996	0.32673387776331075	ENSMUST00000089520.2	0.0166641819807744	-2.118638737276969	2.1851328492314092e-4
Arhgef6	ENSMUSG00000031133	1.4152645287141559	2.2601973806136348e-15	12.298422774206465	4.611182845303373	ENSMUST00000151768.1	0.00218306747466764	-1.5179240996507612	1.386270747957726e-7
Arhgef6	ENSMUSG00000031133	1.8090087746909729	2.2601973806136348e-15	28.312985997215574	8.080156464592223	ENSMUST00000033468.10	0.00218306747466764	-1.5179240996507612	1.386270747957726e-7
Arhgef6	ENSMUSG00000031133	1.0185220463917208	2.2601973806136348e-15	4.36129536570375	2.15283037672891	ENSMUST00000175900.1	0.00218306747466764	-1.5179240996507612	1.386270747957726e-7
Arhgef6	ENSMUSG00000031133	2.018493429172467	2.2601973806136348e-15	2.3443607266279534	0.5786252335955876	ENSMUST00000176986.7	0.00218306747466764	-1.5179240996507612	1.386270747957726e-7
Arhgef6	ENSMUSG00000031133	2.0465199947187966	2.2601973806136348e-15	2.6760669556425225	0.6477882559408354	ENSMUST00000175636.1	0.00218306747466764	-1.5179240996507612	1.386270747957726e-7
